FileName,Test Id,Model Name,Is_Valid,meta_label,too_sparse,low_resolution,had_outliers,initial_OD,plateau_OD,max_slope,dip_fraction,lag_time,auc,growth_phase_duration,symmetry_factor,max_OD,final_OD,final_to_peak_ratio,time_to_peak,noise_residual_std,num_slope_sign_changes,largest_drop_frac,logistic_fit_mse,multi_phase_flag,logistic_AIC,gompertz_AIC,richards_AIC,flat_AIC,best_model_AIC,best_model_name
grofit_dataRR,RR_Test1_C0.01,,True,Valid,False,False,False,0.006728778467908957,0.990812629399586,0.2075569358178062,0.04559666492965048,3.5,6.524133022774326,8.0,0.8813559322033898,1.0,0.9614389233954456,0.9614389233954456,13.0,0.054084788936725664,2,0.013288170922354847,0.0013001254201336506,False,-392.7176725285422,-353.90562149377,-504.50863745492325,-118.42674159187327,-504.50863745492325,Richards
grofit_dataRR,RR_Test2_C0.03,,True,Valid,False,False,False,0.004780876494023932,0.994555112881806,0.1774236387782202,0.036562583400053895,3.5,6.230693891102257,8.5,0.9322033898305084,1.0,0.9687915006640102,0.9687915006640102,13.75,0.05432862251944575,4,0.012943688283960536,0.0009100989847833839,False,-414.1174313928995,-376.76962896878973,-490.457319093784,-121.62827781638899,-490.457319093784,Richards
grofit_dataRR,RR_Test3_C1.0,,True,Valid,False,False,False,0.0058949624866023705,0.972534833869239,0.1559485530546625,0.009299191374662893,3.75,5.49462419614148,9.5,0.9830508474576272,1.0,0.9966505894962489,0.9966505894962489,14.5,0.05681795957966255,2,0.00592991913746632,0.0003229600856459082,False,-476.2789089737503,-459.6229321925286,-484.21059240650345,-133.49194147357863,-484.21059240650345,Richards
grofit_dataRR,RR_Test4_C3.0,,True,Valid,False,False,False,0.006079526782780173,0.84571146894512,0.18337167269142363,0.00611671350636471,3.25,5.159936740059151,11.0,1.0,1.0,1.0,1.0,14.75,0.06014534922788674,1,0.00611671350636471,0.0004385033483170203,False,-457.92858662030983,-475.243373726306,-473.2179683481025,-153.44966388039856,-475.243373726306,Gompertz
grofit_dataRR,RR_Test5_C30.0,,True,Valid,False,False,False,0.0,0.8960619754680436,0.2014202711426729,0.05616526791478388,1.0,8.187136862491927,13.0,1.0,1.0,1.0,1.0,14.75,0.05988467797280051,12,0.029051000645577862,0.004394142388793097,False,-319.64897401598415,-335.046922847807,-333.0263533115205,-159.063894624211,-335.046922847807,Gompertz
grofit_dataRR,RR_Test6_C100.0,,True,Valid,False,False,False,0.043942992874109806,0.876484560570071,0.44180522565320657,0.35155279503105735,1.0,11.508610451306412,4.0,0.4406779661016949,1.0,0.9275534441805228,0.9275534441805228,6.5,0.05744515121082882,15,0.054658385093167804,0.0015531224295474476,False,-382.0492742220241,-369.20859180376925,-381.2266152009847,-153.10785856809403,-382.0492742220241,Logistic
grofit_dataRR,RR_Test7_C300.0,,True,Valid,False,False,False,0.01656626506024127,0.8765060240963853,0.4698795180722889,0.41653905053598855,0.75,11.43844126506024,5.0,0.4576271186440678,1.0,0.843373493975903,0.843373493975903,6.75,0.050737456849828985,18,0.053598774885145604,0.001588307516598637,False,-380.7051770792371,-380.2402483233011,-378.25037395206607,-158.57025996246728,-380.7051770792371,Logistic
growthL1,L1_A01,10.2N 5 c KCl 25 mM,True,Valid,False,False,False,0.0,0.9997770660808766,0.12250490726492713,0.0006633643447083726,2.25,9.047249076999202,7.25,0.9661016949152542,1.0,0.9993366356552916,0.9993366356552916,14.25,0.05681731651003444,1,0.0004404304255849478,0.0003207867223376499,False,-476.68404432301566,-477.11329639368034,-497.13667446209195,-119.03393300471271,-497.13667446209195,Richards
growthL1,L1_A02,10.2N 5 d KCl 25 mM,True,Valid,False,False,False,0.005391380437070099,0.9978899682110696,0.12878393496007012,0.01597227055695455,2.25,9.221489303080315,7.0,0.9152542372881356,1.0,0.9921358395268218,0.9921358395268218,13.5,0.05623238726997764,10,0.005420604980720239,0.00038708753493268353,False,-465.4115821232819,-475.30590604190195,-488.54317848031144,-118.33945564965974,-488.54317848031144,Richards
growthL1,L1_A03,10.1N 16 c KCl 25 mM,True,Valid,False,False,False,0.010857601725086749,0.9899061085591708,0.13196464470625258,0.03608684914941954,2.25,9.330613551365131,6.75,0.8813559322033898,1.0,0.9852283830680941,0.9852283830680941,13.0,0.05597112158380666,6,0.010264300049107408,0.00039423214437456824,False,-464.3142373953389,-475.3848442983744,-487.87414581249425,-119.43819077951457,-487.87414581249425,Richards
growthL1,L1_A04,10.1N 16 d KCl 25 mM,True,Valid,False,False,False,0.0,0.9995437739963028,0.20179409394700687,0.001427928141441548,2.0,9.422554154619142,7.0,0.8983050847457628,1.0,0.9985720718585585,0.9985720718585585,13.25,0.056951733979527526,1,0.0006043513295727054,0.00041006810820294447,False,-461.9512376696255,-450.5096872770757,-470.9991645868197,-119.50543530441955,-470.9991645868197,Richards
growthL1,L1_A05,10.1N 21 c KCl 25 mM,True,Valid,False,False,False,0.0,0.9960998706604295,0.1314591440797237,0.009583663329667758,2.25,9.230126861036883,7.0,0.8813559322033898,1.0,0.9917610123812726,0.9917610123812726,13.0,0.056348883317166455,3,0.0017777068720905564,0.00042632901262084006,False,-459.61795078154694,-484.185202762203,-491.64271719913165,-119.23028168998295,-491.64271719913165,Richards
growthL1,L1_A06,10.1N 21 d KCl 25 mM,True,Valid,False,False,False,0.0004221308381952897,0.9972379783567088,0.13444447861250364,0.008188881244440947,2.25,9.310959467052825,6.75,0.9830508474576272,1.0,0.9987419941908089,0.9987419941908089,14.5,0.056845403918754006,6,0.004094440622220817,0.00041744342936458754,False,-460.88169128292316,-468.60625475714613,-480.659226044582,-117.75480705686057,-480.659226044582,Richards
growthL1,L1_A07,E1-1 a KCl 25 mM,True,Valid,False,False,False,0.0027221768206356035,0.9935628863131482,0.12292959173102735,0.011160804455088439,2.25,9.103341285005582,7.25,0.8305084745762712,1.0,0.9929442097630037,0.9929442097630037,12.25,0.056453312598504,4,0.00306431601119533,0.0004609377943261292,False,-454.9348476274917,-467.9265267054901,-475.56641736894045,-119.49390326850215,-475.56641736894045,Richards
growthL1,L1_A08,E1-1 a KCl 25 mM,True,Valid,False,False,False,0.0,0.9980792539174251,0.1207871587710696,0.004477883939496441,2.25,9.01736445578379,7.25,0.8813559322033898,1.0,0.9978941217648881,0.9978941217648881,13.0,0.05676116021754971,5,0.0014752718405318666,0.000456746715381679,False,-455.4828932408761,-483.14118155471635,-487.73353386006403,-118.95915086096883,-487.73353386006403,Richards
growthL1,L1_A09,E1-1 b KCl 25 mM,True,Valid,False,False,False,0.006086437643849633,0.9916261756599324,0.12793453243542796,0.031341841343899425,2.25,9.122994274429576,7.0,0.8135593220338984,1.0,0.9969795129713297,0.9969795129713297,12.0,0.056964427331338725,7,0.005863551636991556,0.00043923860301955296,False,-457.828066661333,-463.55080286440125,-474.0806956988228,-119.13510576920996,-474.0806956988228,Richards
growthL1,L1_A10,E1-1 b KCl 25 mM,True,Valid,False,False,False,0.0010117024874022385,0.9949193132618953,0.14223705436584266,0.012405212908523765,2.25,9.025172682369767,7.25,0.8813559322033898,1.0,0.9929347133140052,0.9929347133140052,13.0,0.056443329980679156,8,0.003787321766972953,0.0004462437903562254,False,-456.8787084081219,-462.501853319808,-472.4392015790325,-118.7031516833101,-472.4392015790325,Richards
growthL1,L1_A11,E1-2 a KCl 25 mM,True,Valid,False,False,False,0.0,0.9906469922978378,0.13013812436016314,0.011011893595467726,2.0,9.210259767059183,7.0,1.0,1.0,1.0,1.0,14.75,0.057348148289060805,6,0.002623666057425922,0.00040633761811955705,False,-462.49957033222194,-446.5496756747141,-466.82504169522497,-119.31939353054128,-466.82504169522497,Richards
growthL1,L1_A12,E1-2 a KCl 25 mM,True,Valid,False,False,False,0.0,0.9995866345160178,0.12752325180847424,0.001441038006659623,2.0,9.322434048111148,7.25,0.8983050847457628,1.0,0.9988374095763005,0.9988374095763005,13.25,0.05679105645662464,3,0.0004966126995058495,0.000478905361224224,False,-452.6404533483794,-471.67472480881446,-477.4171488412161,-119.51689252121764,-477.4171488412161,Richards
growthL1,L1_B01,E1-2 b KCl 25 mM,True,Valid,False,False,False,0.008361645624082032,0.9975134637924128,0.13569722415916208,0.012337034742980337,1.75,9.829601798139546,6.75,0.7966101694915254,1.0,0.9961277687936745,0.9961277687936745,11.75,0.056655144853945835,2,0.008432152293407798,0.00048478393188166095,False,-451.9084360540135,-467.94958365291257,-474.3831224981369,-121.32413021962904,-474.3831224981369,Richards
growthL1,L1_B02,E1-2 b KCl 25 mM,True,Valid,False,False,False,0.016891277554401663,0.998094968696872,0.13618087406299884,0.021077572159636074,2.0,9.823746359514045,6.5,0.8305084745762712,1.0,0.9961697325162869,0.9961697325162869,12.25,0.056663561457475,2,0.01650327804837951,0.00041152743987405284,False,-461.7380914505306,-468.0039951242402,-480.36677000536054,-121.18063705420394,-480.36677000536054,Richards
growthL1,L1_B03,E1-3 a KCl 25 mM,True,Valid,False,False,False,0.03156930071469807,0.992626887165785,0.14723612408728748,0.06003207609777655,1.75,10.19697079021441,6.0,0.7966101694915254,1.0,0.9859649018406006,0.9859649018406006,11.75,0.05616681806569932,6,0.028266293060010633,0.00039614954404760535,False,-464.0231268907591,-448.96203318842436,-469.34673874715503,-123.58296914625186,-469.34673874715503,Richards
growthL1,L1_B04,E1-3 a KCl 25 mM,True,Valid,False,False,False,0.032119914346895144,0.9901038364456355,0.13960499084851574,0.052942848667622215,1.75,10.129764902563611,6.25,0.8135593220338984,1.0,0.9864402521742255,0.9864402521742255,12.0,0.05612599238228643,6,0.026619740940327354,0.00047877868620266366,False,-452.6563260181986,-443.7665038964492,-458.43098126325714,-123.12906142799815,-458.43098126325714,Richards
growthL1,L1_B05,E1-3 b KCl 25 mM,True,Valid,False,False,False,0.045852975611569216,0.9986774371395474,0.14884562253374556,0.0497607562310504,2.0,10.166298728852933,6.0,0.8135593220338984,1.0,0.9984977915987835,0.9984977915987835,12.0,0.05701403582000993,3,0.03563336298181491,0.00046346977197156636,False,-454.60616351849416,-470.6791535984869,-477.67236250366653,-122.9709572420703,-477.67236250366653,Richards
growthL1,L1_B06,E1-3 b KCl 25 mM,True,Valid,False,False,False,0.04460411936375057,0.9924533355758423,0.1488901139630423,0.062171554500762616,2.0,10.215105242175357,5.75,0.7627118644067796,1.0,0.9923598977166908,0.9923598977166908,11.25,0.05666833557417163,6,0.03448433241618538,0.0004742795648104819,False,-453.2228166572485,-454.20167415248477,-464.86271895373386,-123.42374019239323,-464.86271895373386,Richards
growthL1,L1_B07,E2-1 a KCl 25 mM,True,Valid,False,False,False,0.020259111532430738,0.9980295360913864,0.1430658152831683,0.02502905756135561,2.0,9.969659029255874,6.25,0.8813559322033898,1.0,0.9960232997668831,0.9960232997668831,13.0,0.056675272915520124,4,0.018128267073979697,0.00040432813264552116,False,-462.79702800889,-473.01253109451727,-484.1955170040683,-121.92559970355032,-484.1955170040683,Richards
growthL1,L1_B08,E2-1 a KCl 25 mM,True,Valid,False,False,False,0.03340094579506998,0.9962559842874095,0.14655731763633062,0.04808930871618702,2.0,10.0068885066609,6.25,0.8305084745762712,1.0,0.9952505655480411,0.9952505655480411,12.25,0.05672144602890195,6,0.02600100387641442,0.0004075042909084495,False,-462.32754573012653,-461.85571701435583,-476.1435910923448,-121.66494644527167,-476.1435910923448,Richards
growthL1,L1_B09,E2-1 b KCl 25 mM,True,Valid,False,False,False,0.027664727406744475,0.9918893305604549,0.1610761576328743,0.04238130176169085,2.25,9.620530707873746,6.25,0.7796610169491526,1.0,0.9918893305604549,0.9918893305604549,11.5,0.05653949186145777,7,0.02135309358594984,0.0004503254690462571,False,-456.3323983249456,-429.0335799678843,-455.4204261177638,-119.16685725474646,-456.3323983249456,Logistic
growthL1,L1_B10,E2-1 b KCl 25 mM,True,Valid,False,False,False,0.017782970992861264,0.9931000366747125,0.13698715816467288,0.032114181182450297,2.0,9.817022681461644,6.25,0.7966101694915254,1.0,0.9989679906522132,0.9989679906522132,11.75,0.05721890782732412,5,0.015630155780552647,0.0004136253375224402,False,-461.4329985427257,-458.378713711934,-473.63754020039556,-120.78066484932764,-473.63754020039556,Richards
growthL1,L1_B11,E2-3 a KCl 25 mM,True,Valid,False,False,False,0.037161259939294596,0.997065233934166,0.13790528918357792,0.04359405663022109,2.25,9.737331258130192,6.25,0.7966101694915254,1.0,0.9951872133793175,0.9951872133793175,11.75,0.05670154640879511,2,0.027626171346086217,0.0004545332389840308,False,-455.7743708365595,-444.7540941688053,-461.42200470888235,-119.78281149255628,-461.42200470888235,Richards
growthL1,L1_B12,E2-3 a KCl 25 mM,True,Valid,False,False,False,0.008733551902884272,0.9958464401222811,0.15059146692658754,0.02507667983306391,2.0,9.75024263712286,6.25,0.8305084745762712,1.0,0.996247950910461,0.996247950910461,12.25,0.056669423428308156,8,0.008810498851897622,0.0004932303759010374,False,-450.8720519491484,-426.94934544154603,-450.33209066488905,-118.81390273295466,-450.8720519491484,Logistic
growthL1,L1_C01,E2-3 b KCl 25 mM,True,Valid,False,False,False,0.011081459202603339,0.9973467362698994,0.14107597394193017,0.015206755788226856,2.0,9.8312535053281,6.5,0.8135593220338984,1.0,0.9960432164582477,0.9960432164582477,12.0,0.056654673761068884,2,0.011205633978373996,0.0005211518080245012,False,-447.5681508292351,-466.81007890075955,-471.25871398881435,-121.29895886283198,-471.25871398881435,Richards
growthL1,L1_C02,E2-3 b KCl 25 mM,True,Valid,False,False,False,0.035318498797404264,0.9978247386812287,0.13607031025458716,0.054010995386704445,2.0,9.855209357556685,6.5,0.8813559322033898,1.0,0.9960790839094197,0.9960790839094197,13.0,0.056781446271456516,8,0.029423479196264264,0.00045739062831701594,False,-455.39836593701665,-469.8940387153202,-476.89571519359794,-123.07906604069507,-476.89571519359794,Richards
growthL1,L1_C03,E3-1 a KCl 25 mM,True,Valid,False,False,False,0.030938066499919717,0.9952557424447556,0.16770692305927204,0.053894377911829425,2.0,10.111990580325388,5.75,0.7457627118644068,1.0,0.9864671057160562,0.9864671057160562,11.0,0.05598743273902961,8,0.025508663710684776,0.0003614991900234877,False,-469.51504541801353,-442.16806902470626,-470.99372641013167,-121.19200377068968,-470.99372641013167,Richards
growthL1,L1_C04,E3-1 a KCl 25 mM,True,Valid,False,False,False,0.042853982565439534,0.9921048226051397,0.14296818013321055,0.06023930812404522,2.0,10.143607551986799,6.0,0.711864406779661,1.0,0.993704186446961,0.993704186446961,10.5,0.05675922022292623,10,0.032622988197006104,0.0004273375879615271,False,-459.47617517838654,-450.9489814198669,-467.55777836153,-122.40193906066325,-467.55777836153,Richards
growthL1,L1_C05,E3-1 b KCl 25 mM,True,Valid,False,False,False,0.041103657948074586,0.9961061914873084,0.15470273139658341,0.04800832903461171,2.0,10.165978112030693,6.0,0.7627118644067796,1.0,0.9950686468487602,0.9950686468487602,11.25,0.056746553748587794,2,0.030696015399906986,0.00047674839967392415,False,-452.91130021379814,-465.39439257663537,-473.2416557721985,-121.5920265305412,-473.2416557721985,Richards
growthL1,L1_C06,E3-1 b KCl 25 mM,True,Valid,False,False,False,0.03146432383103123,0.9929343706980557,0.15127376220012012,0.06621545655479028,2.0,9.879409444556154,6.5,0.7796610169491526,1.0,0.9841858594607972,0.9841858594607972,11.5,0.0557731576197162,10,0.015388841333316326,0.0005105914603539261,False,-448.79644668148,-474.53392432517427,-477.86242319324253,-122.01479436810058,-477.86242319324253,Richards
growthL1,L1_C07,E3-2 a KCl 25 mM,True,Valid,False,False,False,0.04043445278824844,0.9990179532263472,0.13762768078187393,0.05865409953608655,2.0,9.97011372924912,6.25,0.8135593220338984,1.0,0.9984651843836921,0.9984651843836921,12.0,0.057167666376502335,11,0.029005313248803524,0.000531873231126681,False,-446.3463230624061,-456.6746014239735,-462.7584616734534,-122.19624771119845,-462.7584616734534,Richards
growthL1,L1_C08,E3-2 a KCl 25 mM,True,Valid,False,False,False,0.027566926980461325,0.9974080038895137,0.1546810902792548,0.03296377078789277,2.0,9.957576574797171,6.25,0.7966101694915254,1.0,0.9955118660548791,0.9955118660548791,11.75,0.05665882861191951,2,0.0173021517539639,0.0004728707155562656,False,-453.40131212802646,-471.8002133683268,-478.8586337254349,-120.21959615547908,-478.8586337254349,Richards
growthL1,L1_C09,E3-2 b KCl 25 mM,True,Valid,False,False,False,0.022470279136607128,0.9970939600238058,0.1556313596841381,0.03473263739364097,2.0,10.040439970388004,6.0,0.864406779661017,1.0,0.9925824853754487,0.9925824853754487,12.75,0.05641247734116434,8,0.01765588108637871,0.000461532286258344,False,-454.857512824723,-438.44168927893065,-457.64878958804707,-120.20714858726416,-457.64878958804707,Richards
growthL1,L1_C10,E3-2 b KCl 25 mM,True,Valid,False,False,False,0.02079810721714703,0.9960678531025339,0.1471772476796378,0.02718415846504093,1.75,10.157448955076818,6.0,0.7796610169491526,1.0,0.994258396486917,0.994258396486917,11.5,0.05659209313940031,4,0.017522337719611605,0.00043099261039588547,False,-458.96517679564045,-462.53979757752296,-474.67544778271906,-121.56685928155915,-474.67544778271906,Richards
growthL1,L1_C11,E4-1 a KCl 25 mM,True,Valid,False,False,False,0.024205256231089704,0.9870995753225786,0.15808311737649783,0.04044272028254038,1.75,10.253302443591172,5.75,0.6779661016949152,1.0,0.9847414623556705,0.9847414623556705,10.0,0.056065350667615914,2,0.02162154646199203,0.0005435170311635656,False,-445.04697094838747,-416.0075289831584,-443.09587577972235,-121.88696688540107,-445.04697094838747,Logistic
growthL1,L1_C12,E4-1 a KCl 25 mM,True,Valid,False,False,False,0.001474483489316604,0.9879451409735711,0.15094472894225675,0.016473168100589467,1.5,10.443866251692272,5.75,0.6779661016949152,1.0,0.9881982459238331,0.9881982459238331,10.0,0.05626397242774641,4,0.0018185623041803778,0.0005178191098335721,False,-447.95307513047317,-433.4124611269831,-450.0814246075641,-123.57295520502487,-450.0814246075641,Richards
growthL1,L1_D01,E4-1 b KCl 25 mM,True,Valid,False,False,False,0.010168656680988486,0.9907571153891804,0.14927481187836789,0.021826259259148197,1.75,10.1872103253258,6.0,0.7457627118644068,1.0,0.9913179196239945,0.9913179196239945,11.0,0.05648307623018423,5,0.010273120516563842,0.0005001976553508661,False,-450.0304336173024,-456.6678706322347,-465.01646243455895,-123.082958841009,-465.01646243455895,Richards
growthL1,L1_D02,E4-1 b KCl 25 mM,True,Valid,False,False,False,0.030641841711428162,0.9941260209969478,0.14835447160863335,0.03994971526558748,1.75,10.268272651461336,5.75,0.7627118644067796,1.0,0.9920931525465612,0.9920931525465612,11.25,0.056517807355718895,4,0.027311910182658758,0.0004890701352034209,False,-451.3802791800017,-429.36076995996655,-451.28487732822884,-122.48875254046558,-451.3802791800017,Logistic
growthL1,L1_D03,E5-1 a KCl 25 mM,True,Valid,False,False,False,0.03132096951251392,0.9932101597848626,0.13989742636595448,0.04518622227951777,1.75,10.253272946930052,6.0,0.8305084745762712,1.0,0.991958482653672,0.991958482653672,12.25,0.05653633862277723,8,0.02768675442883144,0.00043536014742553996,False,-458.36021665802116,-446.27595539975414,-463.6578349517096,-123.45361532622553,-463.6578349517096,Richards
growthL1,L1_D04,E5-1 a KCl 25 mM,True,Valid,False,False,False,0.04276636305867409,0.9987048748751776,0.15969982146639627,0.05215640282357109,1.75,10.194596710745301,6.5,0.864406779661017,1.0,0.9995218930613974,0.9995218930613974,12.75,0.057125535802531616,7,0.034564404416808726,0.0005513387064773894,False,-444.1896735221647,-476.96958694076943,-476.72163787406294,-126.07127737857343,-476.96958694076943,Gompertz
growthL1,L1_D05,E5-1 b KCl 25 mM,True,Valid,False,False,False,0.03247541543642186,0.9957876820965813,0.15349796247041336,0.04993679086762037,1.75,10.279623865327835,6.0,0.7796610169491526,1.0,0.9949061760327956,0.9949061760327956,11.5,0.05670264782716278,4,0.026989196124854672,0.0005285870738317507,False,-446.7181805810501,-465.15312440963214,-469.0505647096869,-124.44278055268987,-469.0505647096869,Richards
growthL1,L1_D06,E5-1 b KCl 25 mM,True,Valid,False,False,False,0.04063622943781507,0.99441873048173,0.14434845000676355,0.055387482490259675,1.75,10.267385963313004,6.0,0.8135593220338984,1.0,0.9900431092787876,0.9900431092787876,12.0,0.05638825276309398,8,0.03376889289403435,0.0004515347839059851,False,-456.1714888385052,-452.91825313759216,-466.0635808203111,-123.64547981616491,-466.0635808203111,Richards
growthL1,L1_D07,E6-1 a KCl 25 mM,True,Valid,False,False,False,0.033281431893288346,0.993807014611575,0.15019162480830184,0.0422165669237837,1.75,10.432957341121483,5.5,0.711864406779661,1.0,0.992469892766347,0.992469892766347,10.5,0.05659150925178626,2,0.02810292373536849,0.0004924971107445546,False,-450.96131783267145,-437.1796441412875,-453.79838561226796,-123.52601086711923,-453.79838561226796,Richards
growthL1,L1_D08,E6-1 a KCl 25 mM,True,Valid,False,False,False,0.03910586988533798,0.9958842412031818,0.1596150410035551,0.04721844622842325,1.75,10.51275469338213,5.75,0.7457627118644068,1.0,0.9950955928109775,0.9950955928109775,11.0,0.05680307240604091,7,0.031970555797789166,0.0004946254757409531,False,-450.70258178625966,-460.3574616872949,-467.45442265397855,-124.72718572721473,-467.45442265397855,Richards
growthL1,L1_D09,E6-1 b KCl 25 mM,True,Valid,False,False,False,0.034269385919131784,0.9897033254423877,0.1464544088855313,0.05818001588410578,2.0,9.909388326783176,6.25,0.8305084745762712,1.0,0.9923964349458354,0.9923964349458354,12.25,0.056622815119447736,9,0.026169959931447592,0.0005071773795423904,False,-449.1989852717901,-473.4294844133048,-477.00190113135443,-122.6956831900056,-477.00190113135443,Richards
growthL1,L1_D10,E6-1 b KCl 25 mM,True,Valid,False,False,False,0.01661767299664887,0.9965812217061552,0.17874066670586153,0.03411084904955355,1.75,9.839038523722735,6.75,0.9491525423728814,1.0,0.9932447527779412,0.9932447527779412,14.0,0.056512230519666744,8,0.015765543588409956,0.0007053389110725571,False,-429.4099287442561,-429.6092422085887,-434.2922753347727,-123.79172257873921,-434.2922753347727,Richards
growthL1,L1_E01,10.2N 5 c KOH 25 mM,True,Valid,False,False,False,0.006214245090495488,0.9928713213564837,0.14199368817815838,0.007941918235553184,4.0,7.074713472840205,7.75,1.0,1.0,1.0,1.0,14.75,0.05706760218613965,5,0.006253103407646818,0.00013930981601702528,False,-526.7286127752091,-492.23947440464406,-545.6184889600328,-119.88684446140455,-545.6184889600328,Richards
growthL1,L1_E02,10.2N 5 d KOH 25 mM,True,Valid,False,False,False,0.0075508467840458456,0.9990874220260992,0.1505341524947229,0.007608295860375229,3.25,7.505602051239778,8.0,1.0,1.0,1.0,1.0,14.75,0.05695951413272277,1,0.0072375212083101445,0.00021312220279789927,False,-501.21869008287365,-483.6254370484416,-516.6825630000801,-117.28249086930066,-516.6825630000801,Richards
growthL1,L1_E03,10.1N 16 c KOH 25 mM,True,Valid,False,False,False,0.012543096943454492,0.9982993394704154,0.12229664627421832,0.02082292432035256,3.75,7.624165994335,7.25,0.9661016949152542,1.0,0.9919813565814983,0.9919813565814983,14.25,0.056197785923678176,2,0.00980455547391625,0.0003165076714207925,False,-477.4897847026466,-478.20472637108736,-496.89838039988075,-114.24448478492171,-496.89838039988075,Richards
growthL1,L1_E04,10.1N 16 d KOH 25 mM,True,Valid,False,False,False,0.003558677236454665,0.9982016544778802,0.1244513584088005,0.008046624643448153,3.5,7.683318663902378,7.25,1.0,1.0,1.0,1.0,14.75,0.05696141061373285,7,0.003454003357162145,0.00035147465509080864,False,-471.20237725908345,-479.46368523542304,-493.89279906927777,-113.59905796795557,-493.89279906927777,Richards
growthL1,L1_E05,10.1N 21 c KOH 25 mM,True,Valid,False,False,False,0.0,0.9992673612312948,0.11973740380510622,0.0018056372803523651,3.5,7.5510734311723375,7.75,0.9830508474576272,1.0,0.9998557797699401,0.9998557797699401,14.5,0.056881039499134756,3,0.0016614170502924769,0.00025704824135515197,False,-489.97480686787003,-496.4618122594993,-519.106396197516,-117.24116090760859,-519.106396197516,Richards
growthL1,L1_E06,10.1N 21 d KOH 25 mM,True,Valid,False,False,False,0.000671240167957892,0.9995978473002549,0.1245963687976821,0.0008137226182331699,3.5,7.651882503400561,7.5,0.9830508474576272,1.0,0.9998580637530317,0.9998580637530317,14.5,0.056879181564619394,2,0.0006716910339603434,0.000263838870974764,False,-488.4103187019805,-501.76264141522165,-524.5058314916835,-115.763259127454,-524.5058314916835,Richards
growthL1,L1_E07,E1-1 a KOH 25 mM,True,Valid,False,False,False,0.009774377633686313,0.9931986751877594,0.10955513053754418,0.010731379470622988,3.75,7.172960302281103,8.25,1.0,1.0,1.0,1.0,14.75,0.056981027902447814,3,0.008288004220946454,0.0004459971123375102,False,-456.9118848326847,-552.3719018759259,-550.3444804574495,-120.622060020074,-552.3719018759259,Gompertz
growthL1,L1_E08,E1-1 a KOH 25 mM,True,Valid,False,False,False,0.0,0.9928512609832686,0.11109804028027881,0.0021838341975163374,3.5,7.093046343133444,8.5,1.0,1.0,1.0,1.0,14.75,0.05698326900948433,2,0.0021838341975163374,0.00043754951280390684,False,-458.0592411868123,-551.1682999974333,-549.1410594608489,-121.12917459037648,-551.1682999974333,Gompertz
growthL1,L1_E09,E1-1 b KOH 25 mM,True,Valid,False,False,False,0.0001680465488940326,0.9965130341104486,0.12014127913431993,0.0001680747932829999,3.25,7.319209295974985,8.5,1.0,1.0,1.0,1.0,14.75,0.05693120074928774,1,0.0001680747932829999,0.0002491196554197315,False,-491.8546339841667,-521.7389893247658,-536.7732001774341,-119.8789374617626,-536.7732001774341,Richards
growthL1,L1_E10,E1-1 b KOH 25 mM,True,Valid,False,False,False,0.0,0.9994602234612469,0.11518144915960238,0.00041185261916421023,3.25,7.72350687825075,8.0,0.9661016949152542,1.0,0.9995881473808358,0.9995881473808358,14.25,0.056844661039617,1,0.000330730133571433,0.0004277272748162022,False,-459.4214864315626,-524.559328834985,-524.1358624183698,-118.87369410280613,-524.559328834985,Gompertz
growthL1,L1_E11,E1-2 a KOH 25 mM,True,Valid,False,False,False,0.00163627438503355,0.9987697640734748,0.11855110933343016,0.0064131747794997475,3.25,7.800218472931779,7.75,0.9491525423728814,1.0,0.9977516377894539,0.9977516377894539,14.0,0.056693923928697765,3,0.004161127601842921,0.0004779288632125098,False,-452.7629194967413,-496.91277203262604,-497.5513710043261,-116.25887015146375,-497.5513710043261,Richards
growthL1,L1_E12,E1-2 a KOH 25 mM,True,Valid,False,False,False,0.0,0.9945825536843981,0.11952834952033076,0.009263714396032019,3.0,8.184003460156227,7.5,0.9322033898305084,1.0,0.9933380854792242,0.9933380854792242,13.75,0.05639742161110492,3,0.004600671240607146,0.00034550419012267786,False,-472.23034722740107,-483.2352472538947,-497.91404482378715,-117.86591404191053,-497.91404482378715,Richards
growthL1,L1_F01,E1-2 b KOH 25 mM,True,Valid,False,False,False,0.0,0.993244303843321,0.11886161388087269,0.011223270022579168,2.75,8.234377829966554,7.75,0.9661016949152542,1.0,0.9927613228848453,0.9927613228848453,14.25,0.0563267150040674,5,0.005566355546432478,0.00026419787329085584,False,-488.3287329316024,-478.0317015460446,-505.71641038057624,-118.6247012237312,-505.71641038057624,Richards
growthL1,L1_F02,E1-2 b KOH 25 mM,True,Valid,False,False,False,0.0,0.9915543092663883,0.12060265064755327,0.011567121333905583,3.0,8.135074772313848,7.75,0.847457627118644,1.0,0.9917235252524647,0.9917235252524647,12.5,0.056435234559194886,2,0.005212456713946323,0.00039306612884311957,False,-464.4919616084336,-477.3724992041685,-488.4219111074785,-117.74788535791377,-488.4219111074785,Richards
growthL1,L1_F03,E1-3 a KOH 25 mM,True,Valid,False,False,False,0.0,0.9972121828234284,0.12206522993254998,0.0017306918713612639,2.75,8.559561137080147,7.25,1.0,1.0,1.0,1.0,14.75,0.05695666285045912,2,0.0017306918713612639,0.00039319182999015303,False,-464.47277688972514,-483.3047339699763,-493.6171588267499,-116.91791170045121,-493.6171588267499,Richards
growthL1,L1_F04,E1-3 a KOH 25 mM,True,Valid,False,False,False,0.01655371481891653,0.9974170134864185,0.12876187770204606,0.024330908231338627,3.25,8.281836115963182,7.0,0.8983050847457628,1.0,0.9935360762497624,0.9935360762497624,13.25,0.05640257253616365,4,0.009107264800126108,0.0004913766481832375,False,-451.0979772000592,-476.47420521936283,-480.9898827900374,-113.57168559679461,-480.9898827900374,Richards
growthL1,L1_F05,E1-3 b KOH 25 mM,True,Valid,False,False,False,0.0043653396364176445,0.9973981214498744,0.12428378729565503,0.004384479378031622,2.75,8.475063654757633,7.25,1.0,1.0,1.0,1.0,14.75,0.05695163283878485,1,0.004384479378031622,0.00045814521170808674,False,-455.29946207823417,-471.9234870496007,-479.5229118175846,-115.96564751824705,-479.5229118175846,Richards
growthL1,L1_F06,E1-3 b KOH 25 mM,True,Valid,False,False,False,0.014380829747809404,0.9976759523884297,0.12387801890644123,0.01468624833110809,2.75,8.622604896203006,7.25,1.0,1.0,1.0,1.0,14.75,0.05696330563218576,3,0.012688357746685312,0.00042078900758146814,False,-460.4027411729754,-485.9473688389695,-493.5567301118046,-117.5926999885614,-493.5567301118046,Richards
growthL1,L1_F07,E2-1 a KOH 25 mM,True,Valid,False,False,False,0.014011273657094505,0.9975348776786026,0.12489108151696904,0.014210379168393949,3.0,8.351878388354992,7.25,1.0,1.0,1.0,1.0,14.75,0.05694519988179542,1,0.011186415623061819,0.0004384465394176035,False,-457.9363602320463,-494.94427141328805,-499.3792700301953,-116.41445377964394,-499.3792700301953,Richards
growthL1,L1_F08,E2-1 a KOH 25 mM,True,Valid,False,False,False,0.0,0.9980670790637829,0.12135328855704697,0.0,2.75,8.461532510571612,7.5,1.0,1.0,1.0,1.0,14.75,0.05692540431708215,0,,0.0003725781419898377,False,-467.703825899453,-496.19470137292427,-505.64832215072636,-118.6892188974168,-505.64832215072636,Richards
growthL1,L1_F09,E2-1 b KOH 25 mM,True,Valid,False,False,False,0.011697571543052065,0.9993571472602438,0.15884039933190275,0.012026113507027215,2.75,8.664071650194177,7.25,0.9491525423728814,1.0,0.9999677105929805,0.9999677105929805,14.0,0.056898195070527735,3,0.008227299188556646,0.00042748718162577697,False,-459.45517527228657,-498.5773797987417,-503.6708190104149,-116.2302367101784,-503.6708190104149,Richards
growthL1,L1_F10,E2-1 b KOH 25 mM,True,Valid,False,False,False,0.026011781573179366,0.9977133843440197,0.1267787760492296,0.02755702861160286,3.0,8.530727926363639,7.0,1.0,1.0,1.0,1.0,14.75,0.056982961680489726,5,0.01872810816918387,0.00042469593385458594,False,-459.84822569100515,-477.9243824300113,-486.915403318665,-115.60657531314236,-486.915403318665,Richards
growthL1,L1_F11,E2-3 a KOH 25 mM,True,Valid,False,False,False,0.028044138049313803,0.9995804251487649,0.1292780556227624,0.029332249404469046,3.0,8.535583852187145,7.0,0.9830508474576272,1.0,0.9998315575414752,0.9998315575414752,14.5,0.05692748254892453,4,0.02009049545632146,0.00047375970005792935,False,-453.28861960325605,-467.0503102340798,-474.19106388820967,-116.27689238326765,-474.19106388820967,Richards
growthL1,L1_F12,E2-3 a KOH 25 mM,True,Valid,False,False,False,0.0,0.997991671887092,0.1254744444853888,0.005975850929235724,2.75,8.756973873309509,7.0,1.0,1.0,1.0,1.0,14.75,0.05695483185610109,6,0.004550982054022188,0.0004126070972758699,False,-461.5808853676696,-464.4555346406861,-478.0975025511194,-117.01820700155906,-478.0975025511194,Richards
growthL1,L1_G01,E2-3 b KOH 25 mM,True,Valid,False,False,False,0.0,0.9988057396874416,0.14425216987448186,0.002337251874325541,2.5,8.298349824781505,8.0,0.847457627118644,1.0,0.9979884554836451,0.9979884554836451,12.5,0.056881916873191336,3,0.000853473910237379,0.00028126251100478266,False,-484.5733273117469,-467.52369935105673,-493.87265329496506,-118.9787326098796,-493.87265329496506,Richards
growthL1,L1_G02,E2-3 b KOH 25 mM,True,Valid,False,False,False,0.0,0.9973543916790855,0.11568160518674442,0.008330132587687444,3.0,8.045797292937364,7.75,0.9322033898305084,1.0,0.9916698674123126,0.9916698674123126,13.75,0.05629576249796792,1,0.00360429565671605,0.0004304190961923313,False,-459.04507089746073,-496.8839709483484,-500.3003548456934,-118.81050843864116,-500.3003548456934,Richards
growthL1,L1_G03,E3-1 a KOH 25 mM,True,Valid,False,False,False,0.0041434176571020845,0.9993917366520825,0.11756947602027146,0.004559789790062135,3.0,7.959017127732292,7.75,0.9830508474576272,1.0,0.9998735294029083,0.9998735294029083,14.5,0.0569233621832275,4,0.004160656996767637,0.0003395231859065245,False,-473.2780991413197,-482.2082280825914,-496.9308549486764,-117.43517246851576,-496.9308549486764,Richards
growthL1,L1_G04,E3-1 a KOH 25 mM,True,Valid,False,False,False,0.007848921191479015,0.9967491295026379,0.11794364955068626,0.007911014117834576,3.0,8.059158088402997,7.75,1.0,1.0,1.0,1.0,14.75,0.05698280918549176,1,0.007911014117834576,0.0003158838405385741,False,-477.60816031132055,-496.3507142202446,-511.5866563426962,-117.96265631758169,-511.5866563426962,Richards
growthL1,L1_G05,E3-1 b KOH 25 mM,True,Valid,False,False,False,0.008283956278453623,0.9981987490147065,0.12147804481848112,0.008353153436307206,3.25,7.999627236952916,7.25,1.0,1.0,1.0,1.0,14.75,0.05695164278982864,1,0.008353153436307206,0.00032463066758448423,False,-475.9693457560458,-470.78954620996655,-491.3391978572597,-115.51455054415236,-491.3391978572597,Richards
growthL1,L1_G06,E3-1 b KOH 25 mM,True,Valid,False,False,False,0.0,0.9975684564945594,0.1163303181394344,0.0,3.0,8.01017777851067,7.75,1.0,1.0,1.0,1.0,14.75,0.056940613056947136,0,,0.00030822039903148326,False,-479.0817269775513,-495.5874781630598,-511.8955374999266,-118.06307106738633,-511.8955374999266,Richards
growthL1,L1_G07,E3-2 a KOH 25 mM,True,Valid,False,False,False,0.0,0.998178999663815,0.1365283328975384,0.00036108724614947185,2.75,8.405693972333243,7.75,1.0,1.0,1.0,1.0,14.75,0.05700534561798497,2,0.00036108724614947185,0.0004061930083851169,False,-462.52092727280973,-478.01402445677155,-486.8213049233091,-118.64916830229083,-486.8213049233091,Richards
growthL1,L1_G08,E3-2 a KOH 25 mM,True,Valid,False,False,False,0.0,0.9985354956914525,0.12168362381395226,0.0,2.75,8.308286267336912,7.75,1.0,1.0,1.0,1.0,14.75,0.05691841252724365,0,,0.00039277643362898505,False,-464.53619874820055,-490.90110480664083,-499.1740525575252,-117.70509019129759,-499.1740525575252,Richards
growthL1,L1_G09,E3-2 b KOH 25 mM,True,Valid,False,False,False,0.01866847164950065,0.9989238725615579,0.13059508287740873,0.01994539253486081,3.0,8.720317208057546,6.75,1.0,1.0,1.0,1.0,14.75,0.05694527364051695,7,0.014239897777876709,0.00047019881142166316,False,-453.74129698055475,-469.72397120078483,-477.63566239955765,-115.01972466316424,-477.63566239955765,Richards
growthL1,L1_G10,E3-2 b KOH 25 mM,True,Valid,False,False,False,0.0,0.9971702261306533,0.12473618090452265,0.001027010050251246,2.5,8.747038316582914,7.5,1.0,1.0,1.0,1.0,14.75,0.05695072273406686,2,0.001027010050251246,0.0004847696591126271,False,-451.9102025703775,-482.20111242629264,-485.65203513041655,-118.01293561153312,-485.65203513041655,Richards
growthL1,L1_G11,E4-1 a KOH 25 mM,True,Valid,False,False,False,0.007121862631260958,0.9967253985680335,0.13529957066336795,0.007172947377142228,2.5,9.189365296818092,6.5,1.0,1.0,1.0,1.0,14.75,0.05695011280628195,1,0.00614368837988902,0.0004802499020442893,False,-452.4722376170276,-476.4625393608796,-481.8960444061603,-117.18737486786998,-481.8960444061603,Richards
growthL1,L1_G12,E4-1 a KOH 25 mM,True,Valid,False,False,False,0.0,0.9965662372828136,0.14776298534600874,0.0,2.25,9.523141516807442,6.5,1.0,1.0,1.0,1.0,14.75,0.05697559509612325,0,,0.000422310222042419,False,-460.18622344054774,-467.6000731105114,-479.4919486473094,-118.95578261979449,-479.4919486473094,Richards
growthL1,L1_H01,E4-1 b KOH 25 mM,True,Valid,False,False,False,0.0,0.9974251679808076,0.1263672049658795,0.006894999275346869,2.75,8.616459112592624,7.25,0.8983050847457628,1.0,0.999543622588215,0.999543622588215,13.25,0.05700378183852629,4,0.004714872044725094,0.00023850528661030802,False,-494.4671449080352,-463.02646548889913,-502.6541883058967,-117.58773604199186,-502.6541883058967,Richards
growthL1,L1_H02,E4-1 b KOH 25 mM,True,Valid,False,False,False,0.0,0.9950445038608248,0.12951213060839462,0.0,2.5,8.969301816802789,7.0,1.0,1.0,1.0,1.0,14.75,0.05700316192520792,0,,0.00032530128738202135,False,-475.8455260182268,-468.432247601433,-491.58533545866425,-117.98839487735604,-491.58533545866425,Richards
growthL1,L1_H03,E5-1 a KOH 25 mM,True,Valid,False,False,False,0.0,0.994235826888062,0.13281252431566015,0.00037037613408241743,2.25,9.182050374266636,7.0,1.0,1.0,1.0,1.0,14.75,0.05708322275673707,2,0.00037037613408241743,0.00021269552844773164,False,-501.3389315275079,-460.0874408231366,-506.82914872018523,-120.79680227492194,-506.82914872018523,Richards
growthL1,L1_H04,E5-1 a KOH 25 mM,True,Valid,False,False,False,0.0,0.992410531103781,0.1333278198884802,0.03618198185016375,2.5,9.021117156462022,6.75,0.9322033898305084,1.0,0.984095832153774,0.984095832153774,13.75,0.05574413305650121,7,0.007901190586005025,0.00037387216026284995,False,-467.49579818769985,-462.7084605701932,-481.65563140483914,-118.12620092617954,-481.65563140483914,Richards
growthL1,L1_H05,E5-1 b KOH 25 mM,True,Valid,False,False,False,0.0,0.9976930203268524,0.23554201912189532,0.0037359749562519973,2.5,8.965618585415772,7.0,0.7966101694915254,1.0,0.9994550441716986,0.9994550441716986,11.75,0.05710302576760186,4,0.000753855562485306,0.0004280627866672932,False,-459.3744405192463,-459.39708275010355,-474.46517757399465,-117.19327900050969,-474.46517757399465,Richards
growthL1,L1_H06,E5-1 b KOH 25 mM,True,Valid,False,False,False,0.008974537800207951,0.9975146458370314,0.13564200755750533,0.01671054357248646,2.75,8.86657032220841,6.75,1.0,1.0,1.0,1.0,14.75,0.05697801003497237,7,0.0067750634162569425,0.0005600827743939056,False,-443.2455584244253,-465.0334548357215,-468.70510098172986,-113.98703741187397,-468.70510098172986,Richards
growthL1,L1_H07,E6-1 a KOH 25 mM,True,Valid,False,False,False,0.006730156159863982,0.984421122232455,0.1440489564041061,0.0140439897837191,2.5,9.15321731826048,6.5,1.0,1.0,1.0,1.0,14.75,0.05718072091108081,9,0.005824774481034669,0.0005382221808228148,False,-445.63434645277886,-464.9858005017627,-469.3580467524108,-116.58834218352229,-469.3580467524108,Richards
growthL1,L1_H08,E6-1 a KOH 25 mM,True,Valid,False,False,False,0.0,0.9929636658545716,0.14557298678101638,0.036600101128834155,2.25,9.334098640014185,6.75,0.9491525423728814,1.0,0.9957775428320018,0.9957775428320018,14.0,0.05672201609077178,10,0.009991397482285946,0.0005058794788973961,False,-449.35272606266176,-477.03664721981795,-480.9739139700383,-118.94972939132458,-480.9739139700383,Richards
growthL1,L1_H09,E6-1 b KOH 25 mM,True,Valid,False,False,False,0.0007947813434250157,0.9933207798639089,0.13149351641834817,0.01813236904740063,3.0,8.50228002897895,7.0,0.8305084745762712,1.0,0.9957968294338103,0.9957968294338103,12.25,0.056704459467643624,6,0.006852793431108066,0.00042833462005752225,False,-459.3363507169339,-473.55841019521483,-483.9503552870372,-115.3420416239322,-483.9503552870372,Richards
growthL1,L1_H10,E6-1 b KOH 25 mM,True,Valid,False,False,False,0.0,0.995389540707888,0.1208053292272202,0.0,2.75,8.471689595105955,7.5,1.0,1.0,1.0,1.0,14.75,0.057005926440708,0,,0.0003280426028171416,False,-475.3420242826225,-471.3195537884767,-491.8098401749409,-118.3501901325616,-491.8098401749409,Richards
synthetic_SA,SA_1,Logistic_HQ,True,Valid,False,False,False,0.00027055829435845786,0.9888992224747132,0.23465824614405628,0.03270646201367743,2.5,9.471866964648518,5.75,0.9322033898305084,1.0,0.9927172531113992,0.9927172531113992,13.75,0.05665265922148977,9,0.007155473320931546,0.00011901209067180266,False,-536.1771280637911,-492.2048606728407,-577.6387373267678,-114.59156009168807,-577.6387373267678,Richards
synthetic_SA,SA_10,Logistic,True,Valid,False,False,False,0.008466403948268544,0.9330934096225323,0.7591614474613633,0.36637997955349355,3.5,9.999393128427828,1.75,0.8305084745762712,1.0,0.918124026655406,0.918124026655406,12.25,0.055153340777160546,28,0.040385237703708894,0.0004216406516623694,False,-460.281428582183,-438.18168138195256,-436.2201368193993,-106.59424560434864,-460.281428582183,Logistic
synthetic_SA,SA_100,Diauxic,False,Valid,False,False,False,0.0,0.4979347123834935,1.113163204116558,0.49069404561834196,0.25,7.043120547965838,14.5,1.0,1.0,1.0,1.0,14.75,0.07809929326328499,28,0.034042967778717625,0.005756825196918264,True,-303.4421482392632,-255.17358647214047,-271.66497848717603,-259.17358647214047,-303.4421482392632,Logistic
synthetic_SA,SA_101,Flat,False,Invalid,False,False,False,0.866719422935563,0.19915808314881558,1.8419302433565141,38.92469865976344,12.0,6.228432902798868,0.0,0.8135593220338984,1.0,0.19915808314881558,0.19915808314881558,12.0,0.16380493097842339,30,3.299967275882881,0.04240542695556551,False,-183.62873584198516,-180.68489085605677,,-184.68489085605677,-184.68489085605677,Flat
synthetic_SA,SA_102,Flat,False,Invalid,False,False,False,0.3217794250837641,0.6084351527418608,1.445276181581177,6.54442531906297,0.25,6.494240297186239,10.5,0.7288135593220338,1.0,0.10978541642740584,0.10978541642740584,10.75,0.1237540320110738,23,0.7799534873207841,0.035994155924725685,True,-193.46392134768809,-184.07119341833777,,-185.54558244780728,-193.46392134768809,Logistic
synthetic_SA,SA_103,Flat,False,Invalid,False,False,False,1.0,0.4566134424314394,1.4210588400981794,,,7.036730868937005,,0.0,1.0,0.6685504876144791,0.6685504876144791,0.0,0.15226914941122066,33,,0.03862706468807349,False,-189.2281254291285,-114.87580856700589,-187.2281906402428,-192.34594842305623,-192.34594842305623,Flat
synthetic_SA,SA_104,Flat,False,Invalid,False,False,False,1.0,0.5308726854612815,2.464449821350527,,,6.929217617425793,,0.0,1.0,0.643512641862604,0.643512641862604,0.0,0.20605144694909086,27,,0.06031846386880235,False,-162.4870213183631,-96.01163019740834,-160.48713917039862,-163.88964974695537,-163.88964974695537,Flat
synthetic_SA,SA_105,Flat,False,Invalid,False,False,False,0.31348664082545485,0.4578835798298648,1.9864377638209065,6.916324726913258,0.25,6.562801207937569,9.0,0.6271186440677966,1.0,0.2869484715655582,0.2869484715655582,9.25,0.13379781867284377,29,0.769767103475219,0.05388028058334191,True,-169.25944319360184,-169.24470071702723,-166.85023695305253,-172.3982285104283,-172.3982285104283,Flat
synthetic_SA,SA_106,Flat,False,Invalid,False,False,False,0.18853259136176223,0.5309488147266752,1.758707048732667,5.511226881870305,0.25,8.319315604588475,4.5,0.864406779661017,1.0,0.4416406589396995,0.4416406589396995,12.75,0.15297042651646342,25,0.9366475850718222,0.04187579051618594,True,-184.3828446609974,-180.50396363384752,,-184.01486309200766,-184.3828446609974,Logistic
synthetic_SA,SA_107,Flat,False,Invalid,False,False,False,0.4829969767101226,0.5448275444111854,1.848279154436802,10.051382468324455,0.25,9.33229045141281,9.0,1.0,1.0,1.0,1.0,14.75,0.19568960874821678,26,1.0779106421010893,0.05351518526333198,False,-169.66738971938383,-169.63384765516705,,-172.80687776169157,-172.80687776169157,Flat
synthetic_SA,SA_108,Flat,False,Invalid,False,False,False,1.0,0.6917446185187281,2.1736306792805884,,,8.807269014771371,,0.0,1.0,0.9553460522343628,0.9553460522343628,0.0,0.1876132427369846,27,,0.05059056148222752,False,-173.03941512358546,,-171.03955472428558,-175.93502847915371,-175.93502847915371,Flat
synthetic_SA,SA_109,Flat,False,Invalid,False,False,False,0.6784004496269919,0.3637091312304937,1.5926253890955913,12.468242829192771,4.0,7.460610982172066,1.75,0.3898305084745763,1.0,0.6125595589938927,0.6125595589938927,5.75,0.13084340105559736,31,1.426931164676217,0.04773730910984671,False,-176.5225215110901,-176.24438586709246,,-175.7387850317605,-176.5225215110901,Logistic
synthetic_SA,SA_11,Logistic,True,Invalid,False,False,False,0.0,0.911268419452957,0.42229704436018156,0.507921612706135,0.5,11.584539230591481,4.0,0.5423728813559322,1.0,0.9453867563744061,0.9453867563744061,8.0,0.05981736050730746,22,0.06688629721574313,0.0010342235122519344,False,-406.4462618121733,-400.7863085245606,-405.74590631382404,-152.65140899982973,-406.4462618121733,Logistic
synthetic_SA,SA_110,Flat,False,Invalid,False,False,False,0.4279570393135098,0.38106398359867183,2.0249274983180547,11.287744985057902,1.5,7.680687719252425,3.0,0.559322033898305,1.0,0.07056746108531331,0.07056746108531331,8.25,0.18745565807614664,26,0.8283708570685941,0.059582676963555965,False,-163.22342412798417,-168.37042318933038,,-165.65257024171456,-168.37042318933038,Gompertz
synthetic_SA,SA_111,Flat,False,Invalid,False,False,False,0.20036032171769463,0.4262803569247137,2.2248487916813144,6.852844239022452,0.25,7.137947442342187,9.0,0.6271186440677966,1.0,0.4262803569247137,0.4262803569247137,9.25,0.1785840305908241,27,0.6957338548347778,0.05764533049885659,True,-165.20676197792775,-161.47471781235734,,-165.37924443090566,-165.37924443090566,Flat
synthetic_SA,SA_112,Flat,False,Invalid,False,False,False,0.18916261874280663,0.488063827241271,2.0751329526278464,5.758088304638777,0.25,7.642245931577343,14.5,1.0,1.0,1.0,1.0,14.75,0.17547613504180523,28,0.6822619075760946,0.05352371621642822,True,-169.65782577244897,-101.69385629530429,-167.65795227428896,-173.50084154161513,-173.50084154161513,Flat
synthetic_SA,SA_113,Flat,False,Invalid,False,False,False,0.33948871559914906,0.5552686208549306,2.2120075299817454,8.244684831003193,1.0,6.8890592724617274,3.75,0.3220338983050847,1.0,0.6711413546075657,0.6711413546075657,4.75,0.18057849351644592,27,0.8683484072328368,0.047994239347806916,True,-176.20045733182855,-178.67325419876897,,-179.11107057690492,-179.11107057690492,Flat
synthetic_SA,SA_114,Flat,False,Invalid,False,False,False,0.798730801615095,0.7233578562858113,1.698384664170361,28.474621087081246,4.25,7.634339396705321,8.0,0.8305084745762712,1.0,0.34613755172211574,0.34613755172211574,12.25,0.17762294387021352,26,1.9319407927979704,0.052063051067932846,False,-171.31798646237326,,-169.3181148978582,-174.25063666694766,-174.25063666694766,Flat
synthetic_SA,SA_115,Flat,False,Invalid,False,False,False,0.6030741062884316,0.5638395174496659,2.4879889704019296,11.344756523117125,0.25,8.93520680210918,4.5,0.3898305084745763,1.0,0.7836302941016663,0.7836302941016663,5.75,0.17027077706893645,28,1.4205158352792866,0.03560489069949422,True,-194.11633628163204,-193.91923528371123,,-183.96647955494058,-194.11633628163204,Logistic
synthetic_SA,SA_116,Flat,False,Invalid,False,False,False,0.3423104254046613,0.42632844852393154,1.2846292938665624,7.03927311173549,1.0,6.615621966630563,5.0,0.4067796610169492,1.0,0.7633267819893805,0.7633267819893805,6.0,0.1687593767716116,29,0.9171966124924361,0.03958427250487063,True,-187.75940391468762,-105.64015404222084,-185.75940391259158,-184.2544204916574,-187.75940391468762,Logistic
synthetic_SA,SA_117,Flat,False,Invalid,False,False,False,0.23191573303198254,0.3995047908430673,1.9411584874783312,7.261973628546578,0.5,7.328153816975643,0.75,0.0847457627118644,1.0,0.39080259123015204,0.39080259123015204,1.25,0.17709689464872316,23,0.777806455022784,0.07539710637102919,True,-149.09918290480186,-91.53271675113214,,-152.65895398463744,-152.65895398463744,Flat
synthetic_SA,SA_118,Flat,False,Invalid,False,False,False,1.0,0.5808733030439125,1.7217128504891512,,,6.979221550051081,,0.0,1.0,0.8197382204593106,0.8197382204593106,0.0,0.15199177168421965,32,,0.029805450057688424,False,-204.78384086104967,,-202.78398491743081,-206.39184381430195,-206.39184381430195,Flat
synthetic_SA,SA_119,Flat,False,Invalid,False,False,False,0.9193665867404771,0.7344967960136776,2.295662101426851,68.62253596709436,4.5,6.8307141440167936,9.25,0.9322033898305084,1.0,0.2990052896860198,0.2990052896860198,13.75,0.16916094474954657,34,6.533691540614006,0.054663131873798745,False,-168.39394816570774,-119.31179347465643,-166.3940670835127,-168.8973332972045,-168.8973332972045,Flat
synthetic_SA,SA_12,Logistic_Invalid_Obvious,False,Invalid,False,False,False,0.15188774316104142,0.2061758326287709,1.7724878382425446,3.238332142301472,1.25,4.127153755361015,2.5,0.2542372881355932,1.0,0.2061758326287709,0.2061758326287709,3.75,0.12610077010717963,13,0.6395651639737858,0.029744500390712292,False,-204.9066614937455,-204.6600487520653,,-201.84251829081305,-204.9066614937455,Logistic
synthetic_SA,SA_120,Flat,False,Invalid,False,False,False,0.9193947310430192,0.44635718566099186,1.8066238673437056,63.71658907596527,4.0,7.026705607834039,0.0,0.2711864406779661,1.0,0.4526545556222957,0.4526545556222957,4.0,0.17510147143697916,29,7.1662953838459735,0.05053062242438484,False,-173.11054451018498,-172.03853453346585,-170.72721488555493,-176.03853453377582,-176.03853453377582,Flat
synthetic_SA,SA_13,Logistic_HQ,True,Valid,False,False,False,0.008701762066975188,0.9666263631966403,0.252152961741813,0.05083118431095494,7.25,5.106816026540169,5.0,1.0,1.0,1.0,1.0,14.75,0.057908555171859166,9,0.010513899926009472,8.239871039775179e-05,False,-558.2364463010424,-460.4372668550982,-558.3249582090704,-113.11144358888448,-558.3249582090704,Richards
synthetic_SA,SA_14,Logistic_HQ,True,Valid,False,False,False,0.0,0.9905762500331681,0.8621770695401094,0.07524437058837855,8.5,5.773978022582141,1.25,0.9491525423728814,1.0,0.9858535595618119,0.9858535595618119,14.0,0.058406506965745925,21,0.00855378452824107,5.595553004440906e-05,False,-581.4571973429059,-503.6171830749722,-501.7025838901056,-91.21518084722544,-581.4571973429059,Logistic
synthetic_SA,SA_15,Logistic,True,Valid,False,False,False,0.03374878383298301,0.9856470187598657,0.7495701761461313,0.24662673778732466,9.25,5.089289794609642,1.5,0.847457627118644,1.0,0.9929781015876435,0.9929781015876435,12.5,0.05944088059424373,25,0.03194494229165475,0.00026420919293242,False,-488.3261622676679,-460.1917970319218,-486.4033717743662,-97.24501758170327,-488.3261622676679,Logistic
synthetic_SA,SA_16,Logistic,True,Valid,False,False,False,0.0,0.9275702880771527,0.7219987540795436,0.4835530939517282,0.75,12.579809042995949,1.75,0.7288135593220338,1.0,0.8980104476489794,0.8980104476489794,10.75,0.05473381181255713,23,0.05329711683188543,0.0009375731050327006,False,-412.3329494675005,-432.95850049358825,-430.9424747996944,-174.48186028276615,-432.95850049358825,Gompertz
synthetic_SA,SA_17,Logistic,True,Invalid,False,False,False,0.008946456790685118,0.8733526995294048,1.0780668363358106,0.8640841034891833,5.25,8.167318662514747,2.0,0.8305084745762712,1.0,0.8076969734442643,0.8076969734442643,12.25,0.061556929546120125,23,0.13734600899079213,0.001737195335552426,False,-375.32900054069756,-374.90892085317296,-373.4388883805345,-108.2908092521308,-375.32900054069756,Logistic
synthetic_SA,SA_18,Logistic_Invalid_Subtle,False,Invalid,False,False,False,0.000502598335343816,0.9090588097313673,0.8492022423562209,1.0087673702163418,2.75,9.69330239021936,2.75,0.7627118644067796,1.0,0.9194392034321242,0.9194392034321242,11.25,0.06888009403114896,23,0.22501051474515135,0.006482150710304813,False,-296.32217543676546,-290.28653553719147,-288.29492013709745,-120.39279686044163,-296.32217543676546,Logistic
synthetic_SA,SA_19,Logistic,True,Invalid,False,False,False,0.011843976199679807,0.9246445945265563,0.8564589493221256,0.5246717914880732,6.25,7.66206860034101,1.5,0.7288135593220338,1.0,0.9364632267532311,0.9364632267532311,10.75,0.061098132065931454,25,0.07338240925043628,0.0007389518572880308,False,-426.6166670935097,-424.6629670746932,-425.4237722469139,-97.07507522988107,-426.6166670935097,Logistic
synthetic_SA,SA_2,Logistic,True,Valid,False,False,False,0.0576801864138709,0.9608940852954401,0.3020150379134243,0.24176773592542747,5.75,7.295405379859479,5.25,1.0,1.0,1.0,1.0,14.75,0.060144426892059524,19,0.040751363461943885,0.0005823383283877851,False,-440.90753753280444,-413.9633449619568,-439.02050298101705,-109.10750738937926,-440.90753753280444,Logistic
synthetic_SA,SA_20,Logistic_HQ,True,Valid,False,False,False,0.0,0.9797188117921078,0.5805776163776017,0.11029760330393784,2.25,11.568164630940425,1.75,0.8305084745762712,1.0,0.989283226039906,0.989283226039906,12.25,0.057578854595016896,18,0.01613862681088385,4.786258769092759e-05,False,-590.8305845411933,-495.3414651281863,-589.0605926302746,-119.37566261920108,-590.8305845411933,Logistic
synthetic_SA,SA_21,Gompertz,True,Valid,False,False,False,0.01825658029051099,0.9882260477710858,0.30840509910802316,0.09995249598069697,5.75,6.973693285449857,5.0,0.9152542372881356,1.0,0.9890718600167914,0.9890718600167914,13.5,0.05699021681293681,19,0.014362737567504042,0.00042225041424181364,False,-460.1947212745413,-497.35207809144185,-498.99278193465443,-102.53097139907865,-498.99278193465443,Richards
synthetic_SA,SA_22,Gompertz_HQ,True,Valid,False,False,False,0.0,0.9779212959360465,0.9717085511671872,0.20161303116732288,1.5,12.357414350588838,1.25,0.4067796610169492,1.0,0.982719708017208,0.982719708017208,6.0,0.060218135444297126,21,0.03389363019791958,0.00021417155115190545,False,-500.92399339128696,-520.4228450968508,-518.4447141754662,-136.84059344026898,-520.4228450968508,Gompertz
synthetic_SA,SA_23,Gompertz_HQ,True,Valid,False,False,False,0.00047264740923079923,0.984617672553133,0.6009491477126006,0.15197810880200685,4.25,9.56139433807105,2.0,0.559322033898305,1.0,0.9454642614656603,0.9454642614656603,8.25,0.05374296238373106,23,0.037953767837977076,0.00021613091665996154,False,-500.3775742940354,-526.0058696811737,-524.0588956579844,-98.55243815581026,-526.0058696811737,Gompertz
synthetic_SA,SA_24,Gompertz_HQ,True,Valid,False,False,False,0.02042879515531299,0.9826555416658901,1.1517516582740925,0.1568296397847551,4.25,10.184798661276366,1.0,0.559322033898305,1.0,0.9907198789724003,0.9907198789724003,8.25,0.062208365462960276,22,0.016018009843584174,0.0002029857324303102,False,-504.14249189922157,-520.4780153086924,-518.4968922146661,-98.78344371499392,-520.4780153086924,Gompertz
synthetic_SA,SA_25,Gompertz,True,Valid,False,False,False,0.008578275893179025,0.9553427053323037,0.6247321423628871,0.22064029094161428,4.25,9.426995255895973,2.25,0.7966101694915254,1.0,0.9564269442032274,0.9564269442032274,11.75,0.05642041703872168,19,0.03752251370100955,0.00042466166371709274,False,-459.85306748733825,-489.6929932557091,-487.6865931574171,-100.86225056038863,-489.6929932557091,Gompertz
synthetic_SA,SA_26,Gompertz_Invalid_Subtle,False,Valid,False,False,False,0.005608403571678019,0.9883439630191458,0.700032045517528,0.06561244969230277,10.0,4.223231528360298,1.5,1.0,1.0,1.0,1.0,14.75,0.05900766011365373,22,0.010744738275523179,0.0002213401227919082,False,-498.9486013417068,-564.8647581030433,-562.8432703465616,-102.9270090008111,-564.8647581030433,Gompertz
synthetic_SA,SA_27,Gompertz_Invalid_Subtle,False,Valid,False,False,False,0.028291772098564087,0.9595708890450844,0.5649470655004285,0.46355579895329885,1.75,11.70103761408957,2.5,1.0,1.0,1.0,1.0,14.75,0.0633030393056201,19,0.1030443849867211,0.0015917226310709473,True,-380.5763060072047,-383.9557153995039,-381.9589111588796,-136.08288807537295,-383.9557153995039,Gompertz
synthetic_SA,SA_28,Gompertz_Invalid_Subtle,False,Invalid,False,False,False,0.0,0.9699630119628413,0.8599636971366591,0.7246344699688425,0.25,13.107741523036662,1.5,0.288135593220339,1.0,0.9088482479234568,0.9088482479234568,4.25,0.06250741677319789,21,0.16514574656085523,0.005927386604871311,True,-301.69031223325015,-302.98216125966087,-300.98176214652574,-195.84211379391115,-302.98216125966087,Gompertz
synthetic_SA,SA_29,Gompertz,True,Valid,False,False,False,0.014161818529733888,0.9717155308349807,0.7350761839076874,0.3495101697001861,6.75,7.483850039402837,1.75,0.8983050847457628,1.0,0.9425924231932004,0.9425924231932004,13.25,0.05662596067241357,23,0.04453905619764505,0.00067399376783454,False,-432.13738161786046,-439.4010345285148,-437.40341113080973,-94.40971205926247,-439.4010345285148,Gompertz
synthetic_SA,SA_3,Logistic,True,Valid,False,False,False,0.0,0.9394562507560681,0.45576653190442507,0.23878146470658568,0.75,12.365070419340528,3.25,1.0,1.0,1.0,1.0,14.75,0.05946711170176758,20,0.024543608383500448,0.00035235609649066237,False,-471.0520953581547,-466.99976000456996,-476.030585513124,-159.54359715407972,-476.030585513124,Richards
synthetic_SA,SA_30,Gompertz,True,Valid,False,False,False,0.016405030281925654,0.9536318565481371,0.44352008718582225,0.26334633241131516,8.75,4.043491044324268,4.25,0.9830508474576272,1.0,0.9935167440901368,0.9935167440901368,14.5,0.058658905580336033,22,0.034769725133132236,0.0006247637059200933,False,-436.68822301454423,-414.2491373871068,-412.2816768136668,-123.83206937098672,-436.68822301454423,Logistic
synthetic_SA,SA_31,Gompertz,True,Invalid,False,False,False,0.07915064079650598,0.8136834008283003,0.7359076034893184,0.9650213859663416,2.75,9.861048295468718,4.25,0.5084745762711864,1.0,0.8976515346216355,0.8976515346216355,7.5,0.06587462449704734,25,0.13936831237658973,0.003124495461601859,False,-340.10894766696003,-344.06845236727304,-342.06669384920644,-131.7946328542935,-344.06845236727304,Gompertz
synthetic_SA,SA_32,Gompertz_Invalid_Obvious,False,Invalid,False,False,False,0.025558284971310654,0.07362192001155952,0.6550844593600673,1.072010147196967,1.0,6.650748326605967,2.0,0.5254237288135594,1.0,0.07362192001155955,0.07362192001155955,7.75,0.04977292719330393,13,0.4244747582427995,0.1508275867356795,False,-107.49707425356127,-154.88076634111772,-100.3273483106081,-106.32734831060809,-154.88076634111772,Gompertz
synthetic_SA,SA_33,Gompertz,True,Valid,False,False,False,0.013323448415318361,0.9006346849393687,0.3901558507095615,0.13014291512475043,10.25,3.080905953234589,3.5,1.0,1.0,1.0,1.0,14.75,0.0606571239836203,21,0.0188090973462413,0.0005013498501327817,False,-449.89238381530305,-490.4463826445889,-488.4149976823358,-130.37971269685895,-490.4463826445889,Gompertz
synthetic_SA,SA_34,Gompertz,True,Valid,False,False,False,0.011319890864876853,0.9948554401199683,0.32378776579725277,0.11283543033607686,2.25,9.416431928866912,7.5,0.9830508474576272,1.0,0.9989617390067494,0.9989617390067494,14.5,0.05837524805216379,16,0.030068838397674925,0.000782623999408113,True,-423.17149094442357,-485.98156288323173,-483.9546371860127,-123.53642122138015,-485.98156288323173,Gompertz
synthetic_SA,SA_35,Gompertz,True,Valid,False,False,False,0.02774314832816716,0.9767040746441564,0.42356162860923807,0.25925984755774995,5.25,7.666291237516471,4.75,0.9322033898305084,1.0,0.9915824011461966,0.9915824011461966,13.75,0.05946405150519383,24,0.03681570386651032,0.00078785536169106,False,-422.7717621664468,-446.399906886624,-444.39475681293766,-102.70594797926275,-446.399906886624,Gompertz
synthetic_SA,SA_36,Gompertz_HQ,True,Valid,False,False,False,0.0034160337330206075,0.9943267508807281,0.3842553758452407,0.06331946905719266,3.5,9.943986330189531,3.0,0.6949152542372882,1.0,0.9892165466620887,0.9892165466620887,10.25,0.05661491462188327,20,0.008065226468774197,0.00030996356805926045,False,-478.74334738685167,-613.1765618665406,-611.119402547353,-103.66811271405709,-613.1765618665406,Gompertz
synthetic_SA,SA_37,Gompertz,True,Valid,False,False,False,0.029670618605001857,0.9725195065712265,0.4034976762620086,0.28219311186546603,3.25,9.625209971109348,4.75,0.9491525423728814,1.0,0.9192622020251064,0.9192622020251064,14.0,0.05194268542939111,20,0.04004423097031398,0.0006894945048572476,False,-430.77310983077166,-460.4884448782919,-459.1939092038428,-115.57846070254526,-460.4884448782919,Gompertz
synthetic_SA,SA_38,Gompertz_HQ,True,Valid,False,False,False,0.0009871485970959321,0.9875021400931316,0.7336050137809766,0.08160043106197405,5.25,8.833005885809088,1.5,0.847457627118644,1.0,0.9953104002574348,0.9953104002574348,12.5,0.05866934585923618,20,0.013577092096353938,0.00014478683812874034,False,-524.4148787426998,-616.9206647284346,-614.9980522101114,-91.44456887849874,-616.9206647284346,Gompertz
synthetic_SA,SA_39,Gompertz_HQ,True,Valid,False,False,False,0.0006895472772752453,0.9909504857386366,0.2707687231077309,0.04365023242625472,3.25,9.384133861531197,5.0,0.8983050847457628,1.0,0.9909504857386366,0.9909504857386366,13.25,0.056563905840063246,8,0.008840861764075721,0.0005042409172091939,False,-449.54738362606497,-614.6347627851787,-612.46057095881,-109.70103347774652,-614.6347627851787,Gompertz
synthetic_SA,SA_4,Logistic_Invalid_Obvious,False,Invalid,False,False,False,0.0023415090248305576,0.12865462258278929,0.9562049892661648,0.9815258895157949,4.25,3.8301804499320427,1.25,0.4915254237288136,1.0,0.12865462258278934,0.12865462258278934,7.25,0.050228015090938355,12,0.3912291785263584,0.08232597491869252,False,-143.82411650840945,-132.26358202365677,-141.8845532192437,-132.65536106669614,-143.82411650840945,Logistic
synthetic_SA,SA_40,Gompertz,True,Invalid,False,False,False,0.002568159955005182,0.8753407338174347,1.1082152077367002,0.5798818240657962,4.0,6.401741179972245,4.75,0.711864406779661,1.0,0.9171854666052242,0.9171854666052242,10.5,0.0631634014056028,29,0.09745092432059534,0.0017312083559330065,False,-375.53613855915967,-374.33387209243784,-373.5375620700764,-100.38787979499781,-375.53613855915967,Logistic
synthetic_SA,SA_41,ModifiedGompertz_Invalid_Obvious,False,Invalid,False,False,False,0.3173314125828311,0.07304243268595532,0.4125162627743495,1.4684831517046033,4.0,5.672013539298653,4.25,0.559322033898305,1.0,0.07304243268595535,0.07304243268595535,8.25,0.05203714812964115,4,0.6082178914302276,0.041102384846286706,False,-185.50134802237574,-129.2851996408276,-186.43287739089033,-133.05823276662076,-186.43287739089033,Richards
synthetic_SA,SA_42,ModifiedGompertz_Invalid_Obvious,False,Invalid,False,False,False,0.2910746819659786,0.080263649785928,0.5345252914387864,1.613476355599189,0.5,5.353170070582093,7.5,0.5423728813559322,1.0,0.080263649785928,0.080263649785928,8.0,0.05569011827747377,10,0.6017525061623851,0.022616073180683906,False,-221.34566536821305,-112.43107872698636,-144.9480852109105,-150.87655281459578,-221.34566536821305,Logistic
synthetic_SA,SA_43,ModifiedGompertz_Invalid_NearReal,False,Valid,False,False,False,0.0,0.8537984282621515,0.20921304517124917,0.2339529696612553,4.25,6.5122426101545905,10.0,1.0,1.0,1.0,1.0,14.75,0.061333068707099314,8,0.09822587692506124,0.0061992039655162055,False,-299.0000632699687,-305.01411346267946,-303.0078525239345,-138.12512709744965,-305.01411346267946,Gompertz
synthetic_SA,SA_44,ModifiedGompertz,True,Valid,False,False,False,0.03073328845785063,0.965147072172371,0.5062936363772106,0.11310383992979535,6.25,6.315040323230755,5.75,1.0,1.0,1.0,1.0,14.75,0.05862409240850813,21,0.015710786287463082,0.003113032206013799,False,-340.3294825154678,-319.33339482848817,-361.06321723344263,-110.7420246380569,-361.06321723344263,Richards
synthetic_SA,SA_45,ModifiedGompertz_HQ,True,Valid,False,False,False,0.0,0.8607012635142461,0.1581228509375383,0.0,2.25,5.857607671907995,12.0,1.0,1.0,1.0,1.0,14.75,0.05995491488596138,0,,0.0016034796548066552,False,-380.1347536141451,-389.75833301141256,-387.74425369174395,-155.91678023277728,-389.75833301141256,Gompertz
synthetic_SA,SA_46,ModifiedGompertz,True,Valid,False,False,False,0.0,0.9075726208235675,0.2287061865534169,0.02828263708925377,0.75,7.822160699263023,13.0,1.0,1.0,1.0,1.0,14.75,0.0590395273359309,8,0.014593914240201677,0.003073896046164365,True,-341.08856709362357,-344.73815385919335,-342.7332355473562,-171.79833511972657,-344.73815385919335,Gompertz
synthetic_SA,SA_47,ModifiedGompertz_Invalid_Obvious,False,Invalid,False,False,False,0.2493121773378107,0.0624157519011194,0.671000765500144,1.6602505889997148,2.75,3.134563325387837,2.5,0.3728813559322034,1.0,0.06241575190111935,0.06241575190111935,5.5,0.05954689649848178,12,0.5675522057559488,0.020922937485020277,False,-226.014554069326,-226.01455460102065,-132.56591806059757,-176.20346243544742,-226.01455460102065,Gompertz
synthetic_SA,SA_48,ModifiedGompertz,True,Valid,False,False,False,0.0,0.8805827533621047,0.24630233579235256,0.013441920273306762,0.75,7.064735718961178,13.5,1.0,1.0,1.0,1.0,14.75,0.06028476112583284,8,0.006317430049136263,0.002053676336455938,True,-365.28742542481893,-366.6096794034761,-362.9307898150832,-173.45177972765407,-366.6096794034761,Gompertz
synthetic_SA,SA_49,ModifiedGompertz_Invalid_Obvious,False,Invalid,False,False,False,0.11280326212260952,0.07672016492245197,0.48893609852228304,1.150940255399993,2.0,3.2883893901441845,3.25,0.3559322033898305,1.0,0.07672016492245202,0.07672016492245202,5.25,0.05187598480644186,4,0.47770248716236324,0.06523022246613434,False,-157.78994296151495,-191.89079619949325,-121.91218895240729,-161.11182346789434,-191.89079619949325,Gompertz
synthetic_SA,SA_5,Logistic_Invalid_Subtle,False,Invalid,False,False,False,0.010248972845202908,0.9424958531104775,0.9015646030933921,0.6034579615416811,6.25,7.708392569751498,1.25,0.7966101694915254,1.0,0.9385174743533824,0.9385174743533824,11.75,0.0629565126529263,27,0.1209590739665143,0.0014897131181037253,False,-384.5503029448827,-377.55617601027217,-384.4853923399895,-96.89136669145864,-384.5503029448827,Logistic
synthetic_SA,SA_50,ModifiedGompertz_Invalid_Obvious,False,Invalid,False,False,False,0.21246567624991136,0.07877751227151002,0.6820999488497583,1.3208701241506786,1.75,3.333325100562727,4.0,0.3898305084745763,1.0,0.07877751227151002,0.07877751227151002,5.75,0.055946372406114504,9,0.5229193375804803,0.020796351737950424,False,-226.37866229236062,-226.37866229791348,,-182.28773455335957,-226.37866229791348,Gompertz
synthetic_SA,SA_51,ModifiedGompertz_Invalid_Obvious,False,Invalid,False,False,False,0.24539532664531685,0.07320451344264406,0.3019815236469554,1.3607873569703142,2.75,6.293148903489814,6.75,0.6779661016949152,1.0,0.07320451344264411,0.07320451344264411,10.0,0.04969125802192273,12,0.5379946711108996,0.09667790730502851,False,-134.1822221378518,-126.0407961627896,,-135.4059234854459,-135.4059234854459,Flat
synthetic_SA,SA_52,ModifiedGompertz_Invalid_Obvious,False,Invalid,False,False,False,0.3379591357592032,0.07661489941088617,0.4733353113821801,1.5342038818121728,0.75,4.995820417519571,6.0,0.4576271186440678,1.0,0.0766148994108862,0.0766148994108862,6.75,0.05405142828497053,4,0.6416047395424007,0.01681339303293773,False,-239.13477034979942,-239.13476994214957,-247.8189061936635,-146.3393889827085,-247.8189061936635,Richards
synthetic_SA,SA_53,ModifiedGompertz,True,Valid,False,False,False,0.012253692059067931,0.9052554266497258,0.30754802300733997,0.03675749842652779,5.75,5.653335721461648,8.0,1.0,1.0,1.0,1.0,14.75,0.058998832140539186,13,0.010642412789861227,0.0013877304642607971,False,-388.8051375461209,-369.4884035872788,-387.38372594679214,-122.34121809826274,-388.8051375461209,Logistic
synthetic_SA,SA_54,ModifiedGompertz,True,Valid,False,False,False,0.01937028384087209,0.9509579258999886,0.3910341476604229,0.06645115133684217,3.5,8.910023271283046,9.0,1.0,1.0,1.0,1.0,14.75,0.0589609135985915,16,0.02453659010953459,0.002785066638264362,False,-347.00900869953864,-364.2212402953116,-362.2044785632625,-123.81016110632899,-364.2212402953116,Gompertz
synthetic_SA,SA_55,ModifiedGompertz_Invalid_Subtle,False,Valid,False,False,False,0.06662042709834701,0.8225133693062034,0.6590388139489939,0.4441115330102461,7.0,4.63755990416856,7.5,1.0,1.0,1.0,1.0,14.75,0.06934448142581,13,0.1432745454455671,0.0027091572379435106,False,-348.6670604858532,-347.1700615667843,-346.90575480814175,-152.5936381912442,-348.6670604858532,Logistic
synthetic_SA,SA_56,ModifiedGompertz,True,Valid,False,False,False,0.016612109634139168,0.9132641407236971,0.25962816596661487,0.23273647329239255,4.25,6.492109540954071,9.25,1.0,1.0,1.0,1.0,14.75,0.06060142452118712,15,0.05089143707453644,0.0013552002834261473,False,-390.2283614956072,-389.9881279725149,-392.9019738928868,-128.70170321306372,-392.9019738928868,Richards
synthetic_SA,SA_57,ModifiedGompertz,True,Valid,False,False,False,0.0011245119352244213,0.8328127130397489,0.18371926937433858,0.009709650081973449,7.0,4.1766933793437815,7.25,1.0,1.0,1.0,1.0,14.75,0.06051021588117523,7,0.003708474768543844,0.0005813537977725293,False,-441.00906241156173,-454.9722689645631,-453.5333107829105,-140.8391107224471,-454.9722689645631,Gompertz
synthetic_SA,SA_58,ModifiedGompertz_Invalid_Subtle,False,Invalid,False,False,False,0.022048515930014778,0.9525013619964522,0.8379252924568394,0.5615889219822967,4.25,7.12734070220245,9.0,0.9322033898305084,1.0,0.9922021084163766,0.9922021084163766,13.75,0.06569159548063705,18,0.13461597807402215,0.011500651056460106,False,-261.92109789661174,-272.4016035366551,-270.39122471943097,-127.34103605530308,-272.4016035366551,Gompertz
synthetic_SA,SA_59,ModifiedGompertz,True,Valid,False,False,False,0.0,0.8113872382506311,0.19336330078683206,0.005478400675817695,5.0,4.641353283324958,9.25,1.0,1.0,1.0,1.0,14.75,0.06093437658372173,2,0.005478400675817695,0.0013726589456826653,False,-389.4603350320011,-404.9964288208597,-402.97442658024096,-149.94104014693932,-404.9964288208597,Gompertz
synthetic_SA,SA_6,Logistic_Invalid_Obvious,False,Invalid,False,False,False,0.09366116773340333,0.09019477094206647,0.9531332133106454,1.3842104203037875,0.5,2.7921376335959196,4.5,0.3389830508474576,1.0,0.09019477094206649,0.09019477094206649,5.0,0.06577697342412085,10,0.511689630822864,0.04386508424983772,False,-181.5981973644993,-199.49171428638724,-179.5981973644993,-185.5981973644993,-199.49171428638724,Gompertz
synthetic_SA,SA_60,ModifiedGompertz_Invalid_Subtle,False,Valid,False,False,False,0.002620641459071062,0.8030283446465591,0.25552203626399667,0.10348900555323894,7.5,3.4806984605059945,7.0,1.0,1.0,1.0,1.0,14.75,0.062056926489396334,12,0.04877735849664905,0.0002941429958677871,False,-481.88667170205434,-465.2735253327892,-463.30801179685164,-146.83429835308235,-481.88667170205434,Logistic
synthetic_SA,SA_61,Richards_Invalid_Obvious,False,Invalid,False,False,False,0.14600998022470774,0.07630192102438438,0.46725030780110355,1.2175775230172234,1.5,3.7299958831861053,3.25,0.3389830508474576,1.0,0.07630192102438439,0.07630192102438439,5.0,0.05173876461390165,6,0.5021391668838572,0.08116103062563766,False,-144.67920392494065,-196.524990774053,-142.29006599527696,-148.29006599527696,-196.524990774053,Gompertz
synthetic_SA,SA_62,Richards_Invalid_Subtle,False,Valid,False,False,False,0.0,0.933172970036535,0.3657268781525067,0.2229974406128736,5.25,5.454833745755199,8.0,1.0,1.0,1.0,1.0,14.75,0.06084990782748938,12,0.07914141445956162,0.0008465214741070188,False,-418.46249931603603,-411.3880947226537,-418.07271748309154,-124.89609281819176,-418.46249931603603,Logistic
synthetic_SA,SA_63,Richards,True,Invalid,False,False,False,0.04250179483920312,0.924592573795006,0.42308109534719707,0.6288116447429665,7.0,6.250411521571158,3.75,0.8135593220338984,1.0,0.8850736456399779,0.8850736456399779,12.0,0.05560500597804979,18,0.09698710089257205,0.0020323342075631366,False,-365.9142174338413,-349.9188024570434,-370.5092720147566,-112.20068421933041,-370.5092720147566,Richards
synthetic_SA,SA_64,Richards,True,Valid,False,False,False,0.037632104667951534,0.942232021949188,0.3800050801724568,0.4325509947522312,2.25,10.78235724271708,3.0,0.6949152542372882,1.0,0.942232021949188,0.942232021949188,10.25,0.05669263102379835,24,0.05182229137399464,0.0007876006743615316,False,-422.7911612985776,-393.2683150491639,-391.3131788219272,-129.9101916908264,-422.7911612985776,Logistic
synthetic_SA,SA_65,Richards,True,Valid,False,False,False,0.006172049561967605,0.9038263759136147,0.38555149828271906,0.34098771385957,5.75,5.575156309746472,6.25,0.9322033898305084,1.0,0.9180936658035079,0.9180936658035079,13.75,0.05537251176993839,19,0.06410091445630697,0.00090203390071098,False,-414.6515072802674,-379.1069954948094,-429.03932821358393,-116.44901347861381,-429.03932821358393,Richards
synthetic_SA,SA_66,Richards,True,Invalid,False,False,False,0.0,0.9139853294061004,0.5331603205891837,0.5162266898948827,0.5,12.560481451906037,2.5,0.6271186440677966,1.0,0.9764407761873214,0.9764407761873214,9.25,0.06134746950769873,20,0.061524514858157464,0.0010355993223710143,False,-406.3664978653066,-426.679666814961,-424.66268460764036,-183.062608609128,-426.679666814961,Gompertz
synthetic_SA,SA_67,Richards,True,Valid,False,False,False,0.0465706469431301,0.962547189111445,0.29320847554025065,0.1781568542214297,3.5,9.031208973214113,5.5,1.0,1.0,1.0,1.0,14.75,0.059292059018979056,15,0.02681881397536222,0.0002824759049783116,False,-484.31503818765174,-414.7898466147561,-487.09119848507237,-113.78382541785177,-487.09119848507237,Richards
synthetic_SA,SA_68,Richards,True,Valid,False,False,False,0.008475787957180014,0.972171913631839,0.8292040634426754,0.35196555578192873,8.5,5.458102904979075,2.25,0.9152542372881356,1.0,0.9565369911967789,0.9565369911967789,13.5,0.0579149858231256,23,0.04142329298403043,0.0008823814318719405,False,-415.97316798015424,-395.7279838891673,-419.3560075621941,-99.32408074201456,-419.3560075621941,Richards
synthetic_SA,SA_69,Richards_Invalid_Obvious,False,Invalid,False,False,False,0.06765420417223994,0.13886048928924308,1.4384863789230162,2.301834714167677,2.0,3.4055543266175965,3.75,0.3898305084745763,1.0,0.13886048928924322,0.13886048928924322,5.75,0.09392483678404732,14,0.35634672101265646,0.05102712796037403,False,-172.52387201315287,-170.46731230323763,-170.5238721659437,-171.12120226535208,-172.52387201315287,Logistic
synthetic_SA,SA_7,Logistic,True,Valid,False,False,False,0.05996847311816734,0.9594884271027018,0.7707440478633143,0.4174703471335696,9.0,5.407832609872637,1.25,0.864406779661017,1.0,0.9310313336749851,0.9310313336749851,12.75,0.056203719163130356,24,0.04783570569747003,0.0006166033689372087,False,-437.47707472770344,-432.0501240883376,-435.59018895959014,-98.98314944139038,-437.47707472770344,Logistic
synthetic_SA,SA_70,Richards_HQ,True,Valid,False,False,False,0.007699353436131752,0.9677171884111779,0.49847072697665795,0.2105000070801604,3.25,9.948692269280151,2.5,0.7627118644067796,1.0,0.9250175752978123,0.9250175752978123,11.25,0.052092208748442954,25,0.03011916904024546,0.00030429094777276416,False,-479.85157495264843,-414.3419219662846,-412.40343612986055,-105.60407724862853,-479.85157495264843,Logistic
synthetic_SA,SA_71,Richards,True,Valid,False,False,False,0.008988443171352396,0.9296318015770657,0.28404115133728236,0.20732233643772385,6.0,5.1637538813928865,7.5,0.9491525423728814,1.0,0.9296318015770657,0.9296318015770657,14.0,0.05351920518968848,16,0.043411003302330164,0.00047680330629623613,False,-452.9043904734626,-428.7523319763296,-450.9079342452757,-123.69112987995891,-452.9043904734626,Logistic
synthetic_SA,SA_72,Richards,True,Invalid,False,False,False,0.0,0.887748753746171,0.9260574897719314,1.120581141402495,0.5,12.183964766358685,1.25,0.7931034482758621,1.0,0.8583788320038108,0.8583788320038108,11.75,0.06441949845730344,25,0.10966966977638815,0.002941059863259436,True,-337.9101306283886,-340.51646019987095,-338.5144932642646,-202.9960997083074,-340.51646019987095,Gompertz
synthetic_SA,SA_73,Richards_Invalid_Obvious,False,Invalid,False,False,False,0.17945245278356264,0.07387321316165718,0.3852727452265805,1.2717148587356217,0.5,4.416283655493694,3.25,0.3220338983050847,1.0,0.07387321316165721,0.07387321316165721,4.75,0.04935619387178139,4,0.526299766428109,0.11103489120330402,False,-125.87464751387097,-216.51225397917815,-223.12174656469767,-129.87464751387083,-223.12174656469767,Richards
synthetic_SA,SA_74,Richards_Invalid_Obvious,False,Invalid,False,False,False,0.0,0.08891511834686962,0.3887093425350583,1.0038093943160709,3.75,3.885185083027135,4.0,0.576271186440678,1.0,0.08891511834686967,0.08891511834686967,8.5,0.04823123812029428,6,0.40958558242517146,0.07873366052952437,False,-146.50107048862972,-144.0695796348552,-144.3415809628025,-136.4452246515968,-146.50107048862972,Logistic
synthetic_SA,SA_75,Richards,True,Valid,False,False,False,0.009625222810287498,0.966089217390796,0.40873120590901424,0.22474507936827745,7.25,6.2036008371624165,2.75,0.8983050847457628,1.0,0.9194236807826012,0.9194236807826012,13.25,0.05169878590796705,21,0.03111399102908081,0.0008378898309646607,False,-419.0774359652381,-375.6416505045959,-474.7822399472878,-100.48564850935294,-474.7822399472878,Richards
synthetic_SA,SA_76,Richards,True,Valid,False,False,False,0.03536388398001281,0.988197167344325,0.35830030439138705,0.316443955179422,6.75,6.085571232193105,4.0,0.9322033898305084,1.0,0.9893366415201754,0.9893366415201754,13.75,0.05946807748932776,20,0.05017415879703716,0.0009389859781431712,False,-412.24260069734294,-367.7454440716048,-446.50399798422995,-108.11604220760175,-446.50399798422995,Richards
synthetic_SA,SA_77,Richards_Invalid_Subtle,False,Valid,False,False,False,0.0,0.9673945682809638,0.44250241137911006,0.3753930256098651,0.75,10.994157151946808,6.25,0.7457627118644068,1.0,0.9546327561571062,0.9546327561571062,11.0,0.05854227691628909,15,0.1200230225823461,0.0027430090524951057,True,-347.92198600890976,-355.69239614734886,-353.6890756618977,-149.2897073610743,-355.69239614734886,Gompertz
synthetic_SA,SA_78,Richards,True,Valid,False,False,False,0.007437277241747905,0.9686216740733005,0.3463955922437285,0.12602286036307533,6.25,6.521551445635664,4.75,0.847457627118644,1.0,0.9692585664917467,0.9692585664917467,12.5,0.05618111023110337,14,0.0289267122535308,0.0002296275582450847,False,-496.7431124113023,-478.6936488262362,-505.875211896099,-102.83645950063726,-505.875211896099,Richards
synthetic_SA,SA_79,Richards,True,Invalid,False,False,False,0.012428635354293439,0.8919624985824517,0.6935806721708533,0.5559546484958671,2.0,8.228721033666137,5.75,0.6610169491525424,1.0,0.9254979901936993,0.9254979901936993,9.75,0.059146850422598464,22,0.11278590551071546,0.0021501006275763093,False,-362.5344380648371,-356.62184131975755,-361.111438798088,-110.19312936460817,-362.5344380648371,Logistic
synthetic_SA,SA_8,Logistic_Invalid_NearReal,False,Invalid,False,False,False,0.022148939286424214,0.49680755946749766,1.4881494056624982,1.0686643078141502,1.5,10.177282434687958,0.75,0.5254237288135594,1.0,0.4972694157767998,0.4972694157767998,7.75,0.051234223661186976,20,0.1393305261226462,0.03716243354129371,False,-191.54741273919788,-191.4483049639726,-189.44837410010115,-142.16644033903867,-191.54741273919788,Logistic
synthetic_SA,SA_80,Richards_Invalid_Subtle,False,Invalid,False,False,False,0.0,0.7169144799297212,1.1011171903808605,2.0691562738623683,0.75,9.98884478191123,10.25,0.7627118644067796,1.0,0.7169144799297212,0.7169144799297212,11.25,0.08218070344845488,24,0.2974421140272091,0.01996443074910244,True,-228.82818307890543,-228.2843271082853,-226.28511285873174,-178.58432777615766,-228.82818307890543,Logistic
synthetic_SA,SA_81,Diauxic,False,Valid,False,False,False,0.0014140249691217284,0.7547844676621088,0.652528756997528,0.2881534372691308,3.25,4.8369369033496294,11.0,1.0,1.0,1.0,1.0,14.75,0.06263340567844639,18,0.034567774421116595,,False,,,,-173.0449291369133,-173.0449291369133,Flat
synthetic_SA,SA_82,Diauxic,False,Valid,False,False,False,0.0008277005631188587,0.8057842978107944,0.3411220968146793,0.13697432324814804,4.5,4.859841647807444,10.0,1.0,1.0,1.0,1.0,14.75,0.06305714899748982,14,0.023061473738854206,0.006165402529042268,False,-299.3281111122491,-307.2796162263346,-305.2688369673,-158.56762065195093,-307.2796162263346,Gompertz
synthetic_SA,SA_83,Diauxic,False,Valid,False,False,False,0.017519863570490044,0.9536426521671523,0.49293954194627343,0.28741436433317225,1.0,8.817545216550101,7.5,0.847457627118644,1.0,0.9433776846674031,0.9433776846674031,12.5,0.05542174008286005,20,0.03300246556243931,0.010186907160468665,True,-269.1991196967514,-259.39394781929394,-301.0409979404397,-126.30762408122061,-301.0409979404397,Richards
synthetic_SA,SA_84,Diauxic,False,Valid,False,False,False,0.06153555913685651,0.9437604371149426,0.5513615762631665,0.299068656719069,5.25,6.98781436670498,5.0,0.7457627118644068,1.0,0.9437604371149426,0.9437604371149426,11.0,0.057045155112629316,19,0.03242120706573915,0.0044981650821171015,False,-318.2451434935152,-305.9128411718437,-340.38874079423067,-108.44990688130373,-340.38874079423067,Richards
synthetic_SA,SA_85,Diauxic,False,Valid,False,False,False,0.0447072995789812,0.9243000453686906,0.457569583256082,0.4235533363048347,4.0,8.762851697082871,4.0,0.7288135593220338,1.0,0.9341915230316428,0.9341915230316428,10.75,0.05816784760908217,21,0.06444151183057213,0.002166581519028594,False,-362.0762814258454,-381.73122055722274,-379.71476520120376,-111.73460499271164,-381.73122055722274,Gompertz
synthetic_SA,SA_86,Diauxic,False,Invalid,False,False,False,0.047328644773205565,0.931415469085588,0.5413678399089799,0.7866196977485432,5.5,7.50202707513439,3.25,0.864406779661017,1.0,0.8309211783157232,0.8309211783157232,12.75,0.05418453996433211,24,0.10548683994591293,0.0036800822230569504,False,-330.28921102973436,-324.5422556263114,-333.8586449100206,-107.40506901132049,-333.8586449100206,Richards
synthetic_SA,SA_87,Diauxic,False,Valid,False,False,False,0.012536575018789436,0.9337966469147646,0.5649640725079581,0.3828032015084653,1.5,8.502287843632748,7.5,0.6779661016949152,1.0,0.9242638175565123,0.9242638175565123,10.0,0.05619613358989534,20,0.07463646818844806,0.014091959388681777,True,-249.72905402266423,-246.97941122520967,-267.711637923578,-131.9056492963398,-267.711637923578,Richards
synthetic_SA,SA_88,Diauxic,False,Valid,False,False,False,0.002396266363766416,0.8852944952994639,0.4575340208434939,0.4190642263836806,2.25,7.4174498308456105,11.75,0.9830508474576272,1.0,0.9940422932683641,0.9940422932683641,14.5,0.06176110070346918,21,0.06545811781945969,0.012838493169545325,False,-255.31844052022018,-256.8948263138574,-254.89294895801783,-162.45154359364977,-256.8948263138574,Gompertz
synthetic_SA,SA_89,Diauxic,False,Invalid,False,False,False,0.0111862280535118,0.8933043889640441,0.7109488114889979,0.8293013065197512,1.75,9.311192785481754,6.25,0.8135593220338984,1.0,0.809278506453401,0.809278506453401,12.0,0.055896789968089174,26,0.08759939197476854,0.008778490827881673,True,-278.1270464156677,-275.8719773056843,-284.4423702396315,-136.227183826802,-284.4423702396315,Richards
synthetic_SA,SA_9,Logistic,True,Valid,False,False,False,0.05253802987184251,0.9861192775671425,0.5624239686055321,0.34089059246915404,8.75,5.447246609022513,2.0,0.9661016949152542,1.0,0.8909310812148286,0.8909310812148286,14.25,0.050060914583926606,18,0.0773783652076771,0.0006111013465682078,False,-438.01486455303115,-419.4284990647597,-436.082417282561,-99.57708233185288,-438.01486455303115,Logistic
synthetic_SA,SA_90,Diauxic,False,Valid,False,False,False,0.0026329817046897835,0.9373511226954095,0.71126145221648,0.40359715177055955,2.5,10.425391905456216,4.25,0.8135593220338984,1.0,0.931125167619125,0.931125167619125,12.0,0.05773443415266438,20,0.04546090032839226,0.004855081892106455,False,-313.6637585879976,-335.72039132835823,-333.6960744115939,-125.33949788411371,-335.72039132835823,Gompertz
synthetic_SA,SA_91,Diauxic,False,Valid,False,False,False,0.0,0.971086690607506,0.6328647365810294,0.42282345901201335,1.75,9.995330060972918,10.0,0.9830508474576272,1.0,0.9992255092553517,0.9992255092553517,14.5,0.061173816185967636,17,0.04094337452832508,0.009674355599397255,False,-272.29659881987675,-272.6110273433851,-270.6106686766895,-150.92265383047686,-272.6110273433851,Gompertz
synthetic_SA,SA_92,Diauxic,False,Valid,False,False,False,0.018210769070584783,0.9749133824876697,0.5959504531846918,0.44004483186466004,2.25,9.320889873125475,5.0,0.6271186440677966,1.0,0.8740604001864702,0.8740604001864702,9.25,0.051204881211399274,19,0.06313997598038122,0.00548943237932578,False,-306.29582523299587,-283.61790587527247,-344.2222444879018,-112.40523234860821,-344.2222444879018,Richards
synthetic_SA,SA_93,Diauxic,False,Valid,False,False,False,0.04266201543030765,0.9725366680663129,0.5420431162891708,0.3694540237410653,1.0,8.502219262670051,10.75,0.864406779661017,1.0,0.9725366680663129,0.9725366680663129,12.75,0.058959666005771544,20,0.04456317007987887,,True,,,-244.76478122748537,-162.93227296100784,-244.76478122748537,Richards
synthetic_SA,SA_94,Diauxic,False,Valid,False,False,False,0.0,0.8746396293087305,0.5969896927729175,0.3428769532486274,1.0,6.129790401614529,13.0,1.0,1.0,1.0,1.0,14.75,0.0612224073838327,22,0.035032073449407175,,True,,,-239.43308220515726,-190.69808082800142,-239.43308220515726,Richards
synthetic_SA,SA_95,Diauxic,False,Invalid,False,False,False,0.01625924343293141,0.9324541685689105,0.581958581541435,0.6403786865633486,4.25,8.08661673728379,4.75,0.6101694915254238,1.0,0.9232292091297997,0.9232292091297997,9.0,0.06192757232644079,20,0.08694751967829586,0.0055827816392994166,False,-305.284087507982,-310.5392232674662,-308.53682589437335,-113.88277939943004,-310.5392232674662,Gompertz
synthetic_SA,SA_96,Diauxic,False,Valid,False,False,False,0.003008232864051661,0.9588527392478796,0.7020907076574008,0.3175762860965604,4.75,7.594533760006365,4.0,0.7457627118644068,1.0,0.940864342202955,0.940864342202955,11.0,0.05643486359482657,23,0.03148320121969854,0.005809991412632895,False,-302.8905711690968,-293.1116453049793,-326.73486805158984,-104.75755560970448,-326.73486805158984,Richards
synthetic_SA,SA_97,Diauxic,False,Valid,False,False,False,0.0,0.9876654909986715,0.5649527504023153,0.4443332003694387,1.25,7.874367077678131,10.75,0.9661016949152542,1.0,0.9876654909986715,0.9876654909986715,14.25,0.060900827643706155,27,0.04677277321223322,,False,,,-251.2544186717633,-155.41992654468726,-251.2544186717633,Richards
synthetic_SA,SA_98,Diauxic,False,Valid,False,False,False,0.0039017915516612223,0.9489107605269973,0.8739676023821957,0.4215381271229976,2.25,9.099046097429932,9.25,0.7966101694915254,1.0,0.9888625179465524,0.9888625179465524,11.75,0.06589550918572509,27,0.06528823685723024,0.014803917666699532,False,-246.7718055618847,-247.8994938128462,-245.89767209082885,-145.64658915516245,-247.8994938128462,Gompertz
synthetic_SA,SA_99,Diauxic,False,Valid,False,False,False,0.0,0.9802075773265484,0.538372639783067,0.29570025191920146,1.0,10.59131268784034,7.0,0.9661016949152542,1.0,0.9802075773265484,0.9802075773265484,14.25,0.05867003806457254,23,0.02724187285249402,0.008116817395061567,True,-282.82902888363685,-285.2447560552807,-283.89932380396084,-149.5124112116497,-285.2447560552807,Gompertz
